journal,ISSN,volume,issue,narticles
actuators,2076-0825,4,1,4
actuators,2076-0825,4,2,5
actuators,2076-0825,4,3,5
actuators,2076-0825,4,4,8
actuators,2076-0825,5,1,10
actuators,2076-0825,5,2,8
actuators,2076-0825,5,3,4
actuators,2076-0825,5,4,5
actuators,2076-0825,6,1,11
actuators,2076-0825,6,2,9
actuators,2076-0825,6,3,7
actuators,2076-0825,6,4,6
actuators,2076-0825,7,1,11
actuators,2076-0825,7,2,21
actuators,2076-0825,7,3,30
actuators,2076-0825,7,4,27
actuators,2076-0825,8,1,29
actuators,2076-0825,8,2,20
actuators,2076-0825,8,3,18
actuators,2076-0825,8,4,12
actuators,2076-0825,9,1,23
actuators,2076-0825,9,2,23
actuators,2076-0825,9,3,46
actuators,2076-0825,9,4,50
actuators,2076-0825,10,1,18
actuators,2076-0825,10,2,21
actuators,2076-0825,10,3,27
actuators,2076-0825,10,4,3
agriculture,2077-0472,5,1,7
agriculture,2077-0472,5,2,12
agriculture,2077-0472,5,3,27
agriculture,2077-0472,5,4,21
agriculture,2077-0472,6,1,10
agriculture,2077-0472,6,2,16
agriculture,2077-0472,6,3,22
agriculture,2077-0472,6,4,19
agriculture,2077-0472,7,1,7
agriculture,2077-0472,7,2,8
agriculture,2077-0472,7,3,15
agriculture,2077-0472,7,4,6
agriculture,2077-0472,7,5,9
agriculture,2077-0472,7,6,5
agriculture,2077-0472,7,7,11
agriculture,2077-0472,7,8,10
agriculture,2077-0472,7,9,6
agriculture,2077-0472,8,1,17
agriculture,2077-0472,8,2,13
agriculture,2077-0472,8,3,14
agriculture,2077-0472,8,4,17
agriculture,2077-0472,8,5,9
agriculture,2077-0472,8,6,16
agriculture,2077-0472,8,7,30
agriculture,2077-0472,8,8,12
agriculture,2077-0472,8,9,17
agriculture,2077-0472,9,1,24
agriculture,2077-0472,9,2,19
agriculture,2077-0472,9,3,24
agriculture,2077-0472,9,4,18
agriculture,2077-0472,9,5,27
agriculture,2077-0472,9,6,21
agriculture,2077-0472,9,7,28
agriculture,2077-0472,9,8,23
agriculture,2077-0472,9,9,21
agriculture,2077-0472,10,1,27
agriculture,2077-0472,10,2,23
agriculture,2077-0472,10,3,39
agriculture,2077-0472,10,4,49
agriculture,2077-0472,10,5,52
agriculture,2077-0472,10,6,58
agriculture,2077-0472,10,7,59
agriculture,2077-0472,10,8,57
agriculture,2077-0472,10,9,58
agriculture,2077-0472,11,1,82
agriculture,2077-0472,11,2,103
agriculture,2077-0472,11,3,91
agriculture,2077-0472,11,4,22
agronomy,2073-4395,5,1,7
agronomy,2073-4395,5,2,9
agronomy,2073-4395,5,3,12
agronomy,2073-4395,5,4,8
agronomy,2073-4395,6,1,20
agronomy,2073-4395,6,2,18
agronomy,2073-4395,6,3,5
agronomy,2073-4395,6,4,19
agronomy,2073-4395,7,1,25
agronomy,2073-4395,7,2,19
agronomy,2073-4395,7,3,17
agronomy,2073-4395,7,4,25
agronomy,2073-4395,8,1,8
agronomy,2073-4395,8,2,16
agronomy,2073-4395,8,3,8
agronomy,2073-4395,8,4,25
agronomy,2073-4395,8,5,21
agronomy,2073-4395,8,6,18
agronomy,2073-4395,8,7,32
agronomy,2073-4395,8,8,29
agronomy,2073-4395,8,9,39
agronomy,2073-4395,9,1,41
agronomy,2073-4395,9,2,69
agronomy,2073-4395,9,3,50
agronomy,2073-4395,9,4,51
agronomy,2073-4395,9,5,56
agronomy,2073-4395,9,6,73
agronomy,2073-4395,9,7,68
agronomy,2073-4395,9,8,65
agronomy,2073-4395,9,9,93
agronomy,2073-4395,10,1,151
agronomy,2073-4395,10,2,163
agronomy,2073-4395,10,3,136
agronomy,2073-4395,10,4,162
agronomy,2073-4395,10,5,144
agronomy,2073-4395,10,6,161
agronomy,2073-4395,10,7,139
agronomy,2073-4395,10,8,161
agronomy,2073-4395,10,9,232
agronomy,2073-4395,11,1,190
agronomy,2073-4395,11,2,215
agronomy,2073-4395,11,3,205
agronomy,2073-4395,11,4,50
animals,2076-2615,5,1,12
animals,2076-2615,5,2,19
animals,2076-2615,5,3,26
animals,2076-2615,5,4,23
animals,2076-2615,6,1,8
animals,2076-2615,6,2,6
animals,2076-2615,6,3,10
animals,2076-2615,6,4,1
animals,2076-2615,6,5,9
animals,2076-2615,6,6,6
animals,2076-2615,6,7,3
animals,2076-2615,6,8,6
animals,2076-2615,6,9,9
animals,2076-2615,7,1,5
animals,2076-2615,7,2,7
animals,2076-2615,7,3,14
animals,2076-2615,7,4,6
animals,2076-2615,7,5,8
animals,2076-2615,7,6,7
animals,2076-2615,7,7,8
animals,2076-2615,7,8,9
animals,2076-2615,7,9,8
animals,2076-2615,8,1,15
animals,2076-2615,8,2,15
animals,2076-2615,8,3,12
animals,2076-2615,8,4,17
animals,2076-2615,8,5,19
animals,2076-2615,8,6,20
animals,2076-2615,8,7,29
animals,2076-2615,8,8,15
animals,2076-2615,8,9,17
animals,2076-2615,9,1,31
animals,2076-2615,9,2,37
animals,2076-2615,9,3,50
animals,2076-2615,9,4,78
animals,2076-2615,9,5,87
animals,2076-2615,9,6,106
animals,2076-2615,9,7,84
animals,2076-2615,9,8,112
animals,2076-2615,9,9,118
animals,2076-2615,10,1,174
animals,2076-2615,10,2,193
animals,2076-2615,10,3,176
animals,2076-2615,10,4,206
animals,2076-2615,10,5,169
animals,2076-2615,10,6,188
animals,2076-2615,10,7,137
animals,2076-2615,10,8,201
animals,2076-2615,10,9,274
animals,2076-2615,11,1,242
animals,2076-2615,11,2,343
animals,2076-2615,11,3,332
animals,2076-2615,11,4,45
antibiotics,2079-6382,4,1,7
antibiotics,2079-6382,4,2,6
antibiotics,2079-6382,4,3,11
antibiotics,2079-6382,4,4,16
antibiotics,2079-6382,5,1,13
antibiotics,2079-6382,5,2,9
antibiotics,2079-6382,5,3,9
antibiotics,2079-6382,5,4,8
antibiotics,2079-6382,6,1,10
antibiotics,2079-6382,6,2,2
antibiotics,2079-6382,6,3,7
antibiotics,2079-6382,6,4,20
antibiotics,2079-6382,7,1,26
antibiotics,2079-6382,7,2,24
antibiotics,2079-6382,7,3,34
antibiotics,2079-6382,7,4,28
antibiotics,2079-6382,8,1,33
antibiotics,2079-6382,8,2,51
antibiotics,2079-6382,8,3,71
antibiotics,2079-6382,8,4,115
antibiotics,2079-6382,9,1,38
antibiotics,2079-6382,9,2,59
antibiotics,2079-6382,9,3,39
antibiotics,2079-6382,9,4,72
antibiotics,2079-6382,9,5,69
antibiotics,2079-6382,9,6,85
antibiotics,2079-6382,9,7,69
antibiotics,2079-6382,9,8,94
antibiotics,2079-6382,9,9,109
antibiotics,2079-6382,10,1,95
antibiotics,2079-6382,10,2,130
antibiotics,2079-6382,10,3,117
antibiotics,2079-6382,10,4,22
antioxidants,2076-3921,4,1,13
antioxidants,2076-3921,4,2,12
antioxidants,2076-3921,4,3,11
antioxidants,2076-3921,4,4,10
antioxidants,2076-3921,5,1,9
antioxidants,2076-3921,5,2,11
antioxidants,2076-3921,5,3,12
antioxidants,2076-3921,5,4,16
antioxidants,2076-3921,6,1,21
antioxidants,2076-3921,6,2,22
antioxidants,2076-3921,6,3,29
antioxidants,2076-3921,6,4,32
antioxidants,2076-3921,7,1,21
antioxidants,2076-3921,7,2,12
antioxidants,2076-3921,7,3,11
antioxidants,2076-3921,7,4,16
antioxidants,2076-3921,7,5,10
antioxidants,2076-3921,7,6,7
antioxidants,2076-3921,7,7,18
antioxidants,2076-3921,7,8,14
antioxidants,2076-3921,7,9,14
antioxidants,2076-3921,8,1,28
antioxidants,2076-3921,8,2,23
antioxidants,2076-3921,8,3,25
antioxidants,2076-3921,8,4,34
antioxidants,2076-3921,8,5,38
antioxidants,2076-3921,8,6,49
antioxidants,2076-3921,8,7,40
antioxidants,2076-3921,8,8,88
antioxidants,2076-3921,8,9,92
antioxidants,2076-3921,9,1,88
antioxidants,2076-3921,9,2,99
antioxidants,2076-3921,9,3,81
antioxidants,2076-3921,9,4,89
antioxidants,2076-3921,9,5,99
antioxidants,2076-3921,9,6,105
antioxidants,2076-3921,9,7,83
antioxidants,2076-3921,9,8,125
antioxidants,2076-3921,9,9,135
antioxidants,2076-3921,10,1,138
antioxidants,2076-3921,10,2,196
antioxidants,2076-3921,10,3,166
antioxidants,2076-3921,10,4,40
applsci,2076-3417,5,1,4
applsci,2076-3417,5,2,8
applsci,2076-3417,5,3,32
applsci,2076-3417,5,4,83
applsci,2076-3417,6,1,29
applsci,2076-3417,6,2,30
applsci,2076-3417,6,3,30
applsci,2076-3417,6,4,29
applsci,2076-3417,6,5,39
applsci,2076-3417,6,6,25
applsci,2076-3417,6,7,22
applsci,2076-3417,6,8,27
applsci,2076-3417,6,9,34
applsci,2076-3417,7,1,108
applsci,2076-3417,7,2,101
applsci,2076-3417,7,3,101
applsci,2076-3417,7,4,121
applsci,2076-3417,7,5,92
applsci,2076-3417,7,6,119
applsci,2076-3417,7,7,107
applsci,2076-3417,7,8,114
applsci,2076-3417,7,9,98
applsci,2076-3417,8,1,148
applsci,2076-3417,8,2,169
applsci,2076-3417,8,3,156
applsci,2076-3417,8,4,180
applsci,2076-3417,8,5,188
applsci,2076-3417,8,6,169
applsci,2076-3417,8,7,200
applsci,2076-3417,8,8,201
applsci,2076-3417,8,9,294
applsci,2076-3417,9,1,210
applsci,2076-3417,9,2,149
applsci,2076-3417,9,3,255
applsci,2076-3417,9,4,199
applsci,2076-3417,9,5,222
applsci,2076-3417,9,6,230
applsci,2076-3417,9,7,250
applsci,2076-3417,9,8,206
applsci,2076-3417,9,9,244
applsci,2076-3417,10,1,424
applsci,2076-3417,10,2,305
applsci,2076-3417,10,3,463
applsci,2076-3417,10,4,359
applsci,2076-3417,10,5,347
applsci,2076-3417,10,6,302
applsci,2076-3417,10,7,436
applsci,2076-3417,10,8,351
applsci,2076-3417,10,9,352
applsci,2076-3417,11,1,464
applsci,2076-3417,11,2,425
applsci,2076-3417,11,3,462
applsci,2076-3417,11,4,621
applsci,2076-3417,11,5,474
applsci,2076-3417,11,6,440
applsci,2076-3417,11,7,199
atmosphere,2073-4433,6,1,7
atmosphere,2073-4433,6,2,3
atmosphere,2073-4433,6,3,9
atmosphere,2073-4433,6,4,8
atmosphere,2073-4433,6,5,9
atmosphere,2073-4433,6,6,7
atmosphere,2073-4433,6,7,6
atmosphere,2073-4433,6,8,16
atmosphere,2073-4433,6,9,9
atmosphere,2073-4433,7,1,13
atmosphere,2073-4433,7,2,17
atmosphere,2073-4433,7,3,18
atmosphere,2073-4433,7,4,13
atmosphere,2073-4433,7,5,12
atmosphere,2073-4433,7,6,11
atmosphere,2073-4433,7,7,11
atmosphere,2073-4433,7,8,13
atmosphere,2073-4433,7,9,13
atmosphere,2073-4433,8,1,22
atmosphere,2073-4433,8,2,20
atmosphere,2073-4433,8,3,20
atmosphere,2073-4433,8,4,16
atmosphere,2073-4433,8,5,15
atmosphere,2073-4433,8,6,18
atmosphere,2073-4433,8,7,21
atmosphere,2073-4433,8,8,23
atmosphere,2073-4433,8,9,25
atmosphere,2073-4433,9,1,34
atmosphere,2073-4433,9,2,44
atmosphere,2073-4433,9,3,36
atmosphere,2073-4433,9,4,43
atmosphere,2073-4433,9,5,45
atmosphere,2073-4433,9,6,34
atmosphere,2073-4433,9,7,50
atmosphere,2073-4433,9,8,39
atmosphere,2073-4433,9,9,40
atmosphere,2073-4433,10,1,40
atmosphere,2073-4433,10,2,62
atmosphere,2073-4433,10,3,59
atmosphere,2073-4433,10,4,65
atmosphere,2073-4433,10,5,65
atmosphere,2073-4433,10,6,57
atmosphere,2073-4433,10,7,75
atmosphere,2073-4433,10,8,55
atmosphere,2073-4433,10,9,84
atmosphere,2073-4433,11,1,121
atmosphere,2073-4433,11,2,100
atmosphere,2073-4433,11,3,NA
atmosphere,2073-4433,11,4,121
atmosphere,2073-4433,11,5,115
atmosphere,2073-4433,11,6,126
atmosphere,2073-4433,11,7,96
atmosphere,2073-4433,11,8,111
atmosphere,2073-4433,11,9,137
atmosphere,2073-4433,12,1,125
atmosphere,2073-4433,12,2,164
atmosphere,2073-4433,12,3,124
atmosphere,2073-4433,12,4,28
biology,2079-7737,4,1,16
biology,2079-7737,4,2,12
biology,2079-7737,4,3,8
biology,2079-7737,4,4,12
biology,2079-7737,5,1,13
biology,2079-7737,5,2,16
biology,2079-7737,5,3,6
biology,2079-7737,5,4,20
biology,2079-7737,6,1,21
biology,2079-7737,6,2,10
biology,2079-7737,6,3,4
biology,2079-7737,6,4,12
biology,2079-7737,7,1,21
biology,2079-7737,7,2,15
biology,2079-7737,7,3,8
biology,2079-7737,7,4,7
biology,2079-7737,8,1,19
biology,2079-7737,8,2,31
biology,2079-7737,8,3,18
biology,2079-7737,8,4,26
biology,2079-7737,9,1,21
biology,2079-7737,9,2,18
biology,2079-7737,9,3,22
biology,2079-7737,9,4,26
biology,2079-7737,9,5,24
biology,2079-7737,9,6,30
biology,2079-7737,9,7,39
biology,2079-7737,9,8,56
biology,2079-7737,9,9,69
biology,2079-7737,10,1,69
biology,2079-7737,10,2,99
biology,2079-7737,10,3,82
biology,2079-7737,10,4,31
biomedicines,2227-9059,3,1,10
biomedicines,2227-9059,3,2,2
biomedicines,2227-9059,3,3,4
biomedicines,2227-9059,3,4,3
biomedicines,2227-9059,4,1,7
biomedicines,2227-9059,4,2,5
biomedicines,2227-9059,4,3,11
biomedicines,2227-9059,4,4,5
biomedicines,2227-9059,5,1,11
biomedicines,2227-9059,5,2,23
biomedicines,2227-9059,5,3,23
biomedicines,2227-9059,5,4,14
biomedicines,2227-9059,6,1,36
biomedicines,2227-9059,6,2,36
biomedicines,2227-9059,6,3,21
biomedicines,2227-9059,6,4,25
biomedicines,2227-9059,7,1,23
biomedicines,2227-9059,7,2,23
biomedicines,2227-9059,7,3,26
biomedicines,2227-9059,7,4,28
biomedicines,2227-9059,8,1,17
biomedicines,2227-9059,8,2,24
biomedicines,2227-9059,8,3,26
biomedicines,2227-9059,8,4,28
biomedicines,2227-9059,8,5,41
biomedicines,2227-9059,8,6,42
biomedicines,2227-9059,8,7,54
biomedicines,2227-9059,8,8,59
biomedicines,2227-9059,8,9,80
biomedicines,2227-9059,9,1,95
biomedicines,2227-9059,9,2,132
biomedicines,2227-9059,9,3,100
biomedicines,2227-9059,9,4,29
biomolecules,2218-273X,5,1,16
biomolecules,2218-273X,5,2,45
biomolecules,2218-273X,5,3,46
biomolecules,2218-273X,5,4,55
biomolecules,2218-273X,6,1,15
biomolecules,2218-273X,6,2,13
biomolecules,2218-273X,6,3,10
biomolecules,2218-273X,6,4,9
biomolecules,2218-273X,7,1,33
biomolecules,2218-273X,7,2,11
biomolecules,2218-273X,7,3,25
biomolecules,2218-273X,7,4,10
biomolecules,2218-273X,8,1,13
biomolecules,2218-273X,8,2,29
biomolecules,2218-273X,8,3,55
biomolecules,2218-273X,8,4,85
biomolecules,2218-273X,9,1,36
biomolecules,2218-273X,9,2,44
biomolecules,2218-273X,9,3,37
biomolecules,2218-273X,9,4,43
biomolecules,2218-273X,9,5,44
biomolecules,2218-273X,9,6,47
biomolecules,2218-273X,9,7,44
biomolecules,2218-273X,9,8,93
biomolecules,2218-273X,9,9,120
biomolecules,2218-273X,10,1,163
biomolecules,2218-273X,10,2,186
biomolecules,2218-273X,10,3,145
biomolecules,2218-273X,10,4,169
biomolecules,2218-273X,10,5,148
biomolecules,2218-273X,10,6,156
biomolecules,2218-273X,10,7,119
biomolecules,2218-273X,10,8,114
biomolecules,2218-273X,10,9,153
biomolecules,2218-273X,11,1,128
biomolecules,2218-273X,11,2,210
biomolecules,2218-273X,11,3,146
biomolecules,2218-273X,11,4,33
biosensors,2079-6374,5,1,10
biosensors,2079-6374,5,2,14
biosensors,2079-6374,5,3,12
biosensors,2079-6374,5,4,10
biosensors,2079-6374,6,1,10
biosensors,2079-6374,6,2,17
biosensors,2079-6374,6,3,21
biosensors,2079-6374,6,4,13
biosensors,2079-6374,7,1,14
biosensors,2079-6374,7,2,9
biosensors,2079-6374,7,3,17
biosensors,2079-6374,7,4,23
biosensors,2079-6374,8,1,26
biosensors,2079-6374,8,2,30
biosensors,2079-6374,8,3,30
biosensors,2079-6374,8,4,46
biosensors,2079-6374,9,1,46
biosensors,2079-6374,9,2,35
biosensors,2079-6374,9,3,30
biosensors,2079-6374,9,4,34
biosensors,2079-6374,10,1,7
biosensors,2079-6374,10,2,7
biosensors,2079-6374,10,3,15
biosensors,2079-6374,10,4,14
biosensors,2079-6374,10,5,11
biosensors,2079-6374,10,6,18
biosensors,2079-6374,10,7,7
biosensors,2079-6374,10,8,22
biosensors,2079-6374,10,9,28
biosensors,2079-6374,11,1,26
biosensors,2079-6374,11,2,32
biosensors,2079-6374,11,3,37
biosensors,2079-6374,11,4,4
brainsci,2076-3425,5,1,6
brainsci,2076-3425,5,2,10
brainsci,2076-3425,5,3,6
brainsci,2076-3425,5,4,9
brainsci,2076-3425,6,1,10
brainsci,2076-3425,6,2,9
brainsci,2076-3425,6,3,21
brainsci,2076-3425,6,4,25
brainsci,2076-3425,7,1,13
brainsci,2076-3425,7,2,9
brainsci,2076-3425,7,3,10
brainsci,2076-3425,7,4,12
brainsci,2076-3425,7,5,10
brainsci,2076-3425,7,6,15
brainsci,2076-3425,7,7,23
brainsci,2076-3425,7,8,18
brainsci,2076-3425,7,9,10
brainsci,2076-3425,8,1,19
brainsci,2076-3425,8,2,18
brainsci,2076-3425,8,3,11
brainsci,2076-3425,8,4,26
brainsci,2076-3425,8,5,19
brainsci,2076-3425,8,6,21
brainsci,2076-3425,8,7,23
brainsci,2076-3425,8,8,21
brainsci,2076-3425,8,9,19
brainsci,2076-3425,9,1,17
brainsci,2076-3425,9,2,29
brainsci,2076-3425,9,3,26
brainsci,2076-3425,9,4,22
brainsci,2076-3425,9,5,29
brainsci,2076-3425,9,6,26
brainsci,2076-3425,9,7,25
brainsci,2076-3425,9,8,35
brainsci,2076-3425,9,9,33
brainsci,2076-3425,10,1,57
brainsci,2076-3425,10,2,70
brainsci,2076-3425,10,3,63
brainsci,2076-3425,10,4,62
brainsci,2076-3425,10,5,68
brainsci,2076-3425,10,6,86
brainsci,2076-3425,10,7,63
brainsci,2076-3425,10,8,98
brainsci,2076-3425,10,9,93
brainsci,2076-3425,11,1,127
brainsci,2076-3425,11,2,153
brainsci,2076-3425,11,3,128
brainsci,2076-3425,11,4,36
cancers,2072-6694,7,1,23
cancers,2072-6694,7,2,33
cancers,2072-6694,7,3,43
cancers,2072-6694,7,4,35
cancers,2072-6694,8,1,18
cancers,2072-6694,8,2,7
cancers,2072-6694,8,3,12
cancers,2072-6694,8,4,9
cancers,2072-6694,8,5,6
cancers,2072-6694,8,6,7
cancers,2072-6694,8,7,11
cancers,2072-6694,8,8,6
cancers,2072-6694,8,9,10
cancers,2072-6694,9,1,10
cancers,2072-6694,9,2,10
cancers,2072-6694,9,3,6
cancers,2072-6694,9,4,13
cancers,2072-6694,9,5,14
cancers,2072-6694,9,6,16
cancers,2072-6694,9,7,25
cancers,2072-6694,9,8,15
cancers,2072-6694,9,9,18
cancers,2072-6694,10,1,27
cancers,2072-6694,10,2,31
cancers,2072-6694,10,3,27
cancers,2072-6694,10,4,42
cancers,2072-6694,10,5,26
cancers,2072-6694,10,6,56
cancers,2072-6694,10,7,31
cancers,2072-6694,10,8,36
cancers,2072-6694,10,9,65
cancers,2072-6694,11,1,126
cancers,2072-6694,11,2,144
cancers,2072-6694,11,3,162
cancers,2072-6694,11,4,155
cancers,2072-6694,11,5,149
cancers,2072-6694,11,6,153
cancers,2072-6694,11,7,151
cancers,2072-6694,11,8,175
cancers,2072-6694,11,9,188
cancers,2072-6694,12,1,254
cancers,2072-6694,12,2,270
cancers,2072-6694,12,3,246
cancers,2072-6694,12,4,289
cancers,2072-6694,12,5,290
cancers,2072-6694,12,6,356
cancers,2072-6694,12,7,293
cancers,2072-6694,12,8,335
cancers,2072-6694,12,9,389
cancers,2072-6694,13,1,160
cancers,2072-6694,13,2,201
cancers,2072-6694,13,3,223
cancers,2072-6694,13,4,346
cancers,2072-6694,13,5,256
cancers,2072-6694,13,6,299
cancers,2072-6694,13,7,115
catalysts,2073-4344,5,1,24
catalysts,2073-4344,5,2,29
catalysts,2073-4344,5,3,35
catalysts,2073-4344,5,4,41
catalysts,2073-4344,6,1,18
catalysts,2073-4344,6,2,14
catalysts,2073-4344,6,3,17
catalysts,2073-4344,6,4,11
catalysts,2073-4344,6,5,16
catalysts,2073-4344,6,6,16
catalysts,2073-4344,6,7,18
catalysts,2073-4344,6,8,17
catalysts,2073-4344,6,9,21
catalysts,2073-4344,7,1,35
catalysts,2073-4344,7,2,36
catalysts,2073-4344,7,3,24
catalysts,2073-4344,7,4,30
catalysts,2073-4344,7,5,41
catalysts,2073-4344,7,6,26
catalysts,2073-4344,7,7,31
catalysts,2073-4344,7,8,20
catalysts,2073-4344,7,9,37
catalysts,2073-4344,8,1,41
catalysts,2073-4344,8,2,52
catalysts,2073-4344,8,3,30
catalysts,2073-4344,8,4,48
catalysts,2073-4344,8,5,50
catalysts,2073-4344,8,6,32
catalysts,2073-4344,8,7,42
catalysts,2073-4344,8,8,45
catalysts,2073-4344,8,9,64
catalysts,2073-4344,9,1,106
catalysts,2073-4344,9,2,100
catalysts,2073-4344,9,3,95
catalysts,2073-4344,9,4,90
catalysts,2073-4344,9,5,96
catalysts,2073-4344,9,6,77
catalysts,2073-4344,9,7,66
catalysts,2073-4344,9,8,68
catalysts,2073-4344,9,9,86
catalysts,2073-4344,10,1,142
catalysts,2073-4344,10,2,124
catalysts,2073-4344,10,3,90
catalysts,2073-4344,10,4,108
catalysts,2073-4344,10,5,129
catalysts,2073-4344,10,6,126
catalysts,2073-4344,10,7,93
catalysts,2073-4344,10,8,134
catalysts,2073-4344,10,9,153
catalysts,2073-4344,11,1,144
catalysts,2073-4344,11,2,150
catalysts,2073-4344,11,3,113
catalysts,2073-4344,11,4,37
cells,2073-4409,4,1,8
cells,2073-4409,4,2,7
cells,2073-4409,4,3,17
cells,2073-4409,4,4,9
cells,2073-4409,5,1,13
cells,2073-4409,5,2,15
cells,2073-4409,5,3,8
cells,2073-4409,5,4,10
cells,2073-4409,6,1,8
cells,2073-4409,6,2,7
cells,2073-4409,6,3,15
cells,2073-4409,6,4,18
cells,2073-4409,7,1,8
cells,2073-4409,7,2,8
cells,2073-4409,7,3,7
cells,2073-4409,7,4,10
cells,2073-4409,7,5,12
cells,2073-4409,7,6,18
cells,2073-4409,7,7,21
cells,2073-4409,7,8,29
cells,2073-4409,7,9,29
cells,2073-4409,8,1,78
cells,2073-4409,8,2,121
cells,2073-4409,8,3,87
cells,2073-4409,8,4,94
cells,2073-4409,8,5,132
cells,2073-4409,8,6,127
cells,2073-4409,8,7,128
cells,2073-4409,8,8,174
cells,2073-4409,8,9,170
cells,2073-4409,9,1,259
cells,2073-4409,9,2,264
cells,2073-4409,9,3,266
cells,2073-4409,9,4,277
cells,2073-4409,9,5,255
cells,2073-4409,9,6,243
cells,2073-4409,9,7,183
cells,2073-4409,9,8,171
cells,2073-4409,9,9,225
cells,2073-4409,10,1,194
cells,2073-4409,10,2,287
cells,2073-4409,10,3,234
cells,2073-4409,10,4,45
chemosensors,2227-9040,3,1,3
chemosensors,2227-9040,3,2,10
chemosensors,2227-9040,3,3,3
chemosensors,2227-9040,3,4,4
chemosensors,2227-9040,4,1,5
chemosensors,2227-9040,4,2,5
chemosensors,2227-9040,4,3,9
chemosensors,2227-9040,4,4,6
chemosensors,2227-9040,5,1,10
chemosensors,2227-9040,5,2,9
chemosensors,2227-9040,5,3,7
chemosensors,2227-9040,5,4,10
chemosensors,2227-9040,6,1,11
chemosensors,2227-9040,6,2,13
chemosensors,2227-9040,6,3,18
chemosensors,2227-9040,6,4,25
chemosensors,2227-9040,7,1,16
chemosensors,2227-9040,7,2,11
chemosensors,2227-9040,7,3,19
chemosensors,2227-9040,7,4,20
chemosensors,2227-9040,8,1,21
chemosensors,2227-9040,8,2,24
chemosensors,2227-9040,8,3,42
chemosensors,2227-9040,8,4,47
chemosensors,2227-9040,9,1,18
chemosensors,2227-9040,9,2,23
chemosensors,2227-9040,9,3,17
chemosensors,2227-9040,9,4,11
children,2227-9067,2,1,10
children,2227-9067,2,2,8
children,2227-9067,2,3,8
children,2227-9067,2,4,4
children,2227-9067,3,1,5
children,2227-9067,3,2,5
children,2227-9067,3,3,6
children,2227-9067,3,4,29
children,2227-9067,4,1,7
children,2227-9067,4,2,7
children,2227-9067,4,3,4
children,2227-9067,4,4,12
children,2227-9067,4,5,12
children,2227-9067,4,6,9
children,2227-9067,4,7,9
children,2227-9067,4,8,14
children,2227-9067,4,9,9
children,2227-9067,5,1,13
children,2227-9067,5,2,18
children,2227-9067,5,3,12
children,2227-9067,5,4,11
children,2227-9067,5,5,9
children,2227-9067,5,6,18
children,2227-9067,5,7,19
children,2227-9067,5,8,11
children,2227-9067,5,9,17
children,2227-9067,6,1,14
children,2227-9067,6,2,21
children,2227-9067,6,3,14
children,2227-9067,6,4,12
children,2227-9067,6,5,10
children,2227-9067,6,6,9
children,2227-9067,6,7,5
children,2227-9067,6,8,9
children,2227-9067,6,9,10
children,2227-9067,7,1,8
children,2227-9067,7,2,7
children,2227-9067,7,3,8
children,2227-9067,7,4,14
children,2227-9067,7,5,12
children,2227-9067,7,6,17
children,2227-9067,7,7,13
children,2227-9067,7,8,23
children,2227-9067,7,9,46
children,2227-9067,8,1,57
children,2227-9067,8,2,113
children,2227-9067,8,3,82
children,2227-9067,8,4,13
cimb,1467-3045,36,1,7
cimb,1467-3045,37,1,5
cimb,1467-3045,38,1,8
cimb,1467-3045,39,1,3
cimb,1467-3045,40,1,10
cimb,1467-3045,41,1,12
cimb,1467-3045,42,1,19
coatings,2079-6412,5,1,7
coatings,2079-6412,5,2,9
coatings,2079-6412,5,3,19
coatings,2079-6412,5,4,21
coatings,2079-6412,6,1,13
coatings,2079-6412,6,2,11
coatings,2079-6412,6,3,16
coatings,2079-6412,6,4,31
coatings,2079-6412,7,1,16
coatings,2079-6412,7,2,18
coatings,2079-6412,7,3,11
coatings,2079-6412,7,4,11
coatings,2079-6412,7,5,15
coatings,2079-6412,7,6,12
coatings,2079-6412,7,7,24
coatings,2079-6412,7,8,25
coatings,2079-6412,7,9,19
coatings,2079-6412,8,1,45
coatings,2079-6412,8,2,39
coatings,2079-6412,8,3,31
coatings,2079-6412,8,4,36
coatings,2079-6412,8,5,46
coatings,2079-6412,8,6,29
coatings,2079-6412,8,7,29
coatings,2079-6412,8,8,37
coatings,2079-6412,8,9,36
coatings,2079-6412,9,1,62
coatings,2079-6412,9,2,87
coatings,2079-6412,9,3,64
coatings,2079-6412,9,4,66
coatings,2079-6412,9,5,66
coatings,2079-6412,9,6,64
coatings,2079-6412,9,7,53
coatings,2079-6412,9,8,66
coatings,2079-6412,9,9,64
coatings,2079-6412,10,1,89
coatings,2079-6412,10,2,106
coatings,2079-6412,10,3,108
coatings,2079-6412,10,4,125
coatings,2079-6412,10,5,77
coatings,2079-6412,10,6,98
coatings,2079-6412,10,7,101
coatings,2079-6412,10,8,96
coatings,2079-6412,10,9,109
coatings,2079-6412,11,1,111
coatings,2079-6412,11,2,149
coatings,2079-6412,11,3,109
coatings,2079-6412,11,4,29
crystals,2073-4352,5,1,13
crystals,2073-4352,5,2,9
crystals,2073-4352,5,3,11
crystals,2073-4352,5,4,17
crystals,2073-4352,6,1,15
crystals,2073-4352,6,2,6
crystals,2073-4352,6,3,10
crystals,2073-4352,6,4,16
crystals,2073-4352,6,5,16
crystals,2073-4352,6,6,9
crystals,2073-4352,6,7,11
crystals,2073-4352,6,8,16
crystals,2073-4352,6,9,20
crystals,2073-4352,7,1,30
crystals,2073-4352,7,2,31
crystals,2073-4352,7,3,31
crystals,2073-4352,7,4,26
crystals,2073-4352,7,5,30
crystals,2073-4352,7,6,34
crystals,2073-4352,7,7,46
crystals,2073-4352,7,8,27
crystals,2073-4352,7,9,26
crystals,2073-4352,8,1,49
crystals,2073-4352,8,2,58
crystals,2073-4352,8,3,34
crystals,2073-4352,8,4,40
crystals,2073-4352,8,5,50
crystals,2073-4352,8,6,27
crystals,2073-4352,8,7,45
crystals,2073-4352,8,8,28
crystals,2073-4352,8,9,35
crystals,2073-4352,9,1,56
crystals,2073-4352,9,2,63
crystals,2073-4352,9,3,61
crystals,2073-4352,9,4,44
crystals,2073-4352,9,5,51
crystals,2073-4352,9,6,48
crystals,2073-4352,9,7,53
crystals,2073-4352,9,8,58
crystals,2073-4352,9,9,51
crystals,2073-4352,10,1,53
crystals,2073-4352,10,2,89
crystals,2073-4352,10,3,94
crystals,2073-4352,10,4,102
crystals,2073-4352,10,5,83
crystals,2073-4352,10,6,129
crystals,2073-4352,10,7,80
crystals,2073-4352,10,8,87
crystals,2073-4352,10,9,134
crystals,2073-4352,11,1,77
crystals,2073-4352,11,2,143
crystals,2073-4352,11,3,100
crystals,2073-4352,11,4,45
curroncol,1718-7729,22,1,15
curroncol,1718-7729,22,2,21
curroncol,1718-7729,22,3,26
curroncol,1718-7729,22,4,25
curroncol,1718-7729,22,5,29
curroncol,1718-7729,22,6,22
curroncol,1718-7729,23,1,23
curroncol,1718-7729,23,2,23
curroncol,1718-7729,23,3,31
curroncol,1718-7729,23,4,23
curroncol,1718-7729,23,5,25
curroncol,1718-7729,23,6,25
curroncol,1718-7729,24,1,22
curroncol,1718-7729,24,2,25
curroncol,1718-7729,24,3,23
curroncol,1718-7729,24,4,21
curroncol,1718-7729,24,5,23
curroncol,1718-7729,24,6,22
curroncol,1718-7729,25,1,29
curroncol,1718-7729,25,2,19
curroncol,1718-7729,25,3,18
curroncol,1718-7729,25,4,19
curroncol,1718-7729,25,5,25
curroncol,1718-7729,25,6,24
curroncol,1718-7729,26,1,29
curroncol,1718-7729,26,2,35
curroncol,1718-7729,26,3,33
curroncol,1718-7729,26,4,31
curroncol,1718-7729,26,5,20
curroncol,1718-7729,26,6,19
curroncol,1718-7729,27,1,19
curroncol,1718-7729,27,2,28
curroncol,1718-7729,27,3,27
curroncol,1718-7729,27,4,21
curroncol,1718-7729,27,5,21
curroncol,1718-7729,27,6,23
curroncol,1718-7729,28,1,98
curroncol,1718-7729,28,2,33
diagnostics,2075-4418,5,1,5
diagnostics,2075-4418,5,2,10
diagnostics,2075-4418,5,3,10
diagnostics,2075-4418,5,4,12
diagnostics,2075-4418,6,1,13
diagnostics,2075-4418,6,2,13
diagnostics,2075-4418,6,3,9
diagnostics,2075-4418,6,4,10
diagnostics,2075-4418,7,1,18
diagnostics,2075-4418,7,2,19
diagnostics,2075-4418,7,3,16
diagnostics,2075-4418,7,4,8
diagnostics,2075-4418,8,1,21
diagnostics,2075-4418,8,2,20
diagnostics,2075-4418,8,3,26
diagnostics,2075-4418,8,4,18
diagnostics,2075-4418,9,1,35
diagnostics,2075-4418,9,2,30
diagnostics,2075-4418,9,3,58
diagnostics,2075-4418,9,4,103
diagnostics,2075-4418,10,1,54
diagnostics,2075-4418,10,2,70
diagnostics,2075-4418,10,3,53
diagnostics,2075-4418,10,4,75
diagnostics,2075-4418,10,5,88
diagnostics,2075-4418,10,6,94
diagnostics,2075-4418,10,7,71
diagnostics,2075-4418,10,8,101
diagnostics,2075-4418,10,9,127
diagnostics,2075-4418,11,1,146
diagnostics,2075-4418,11,2,235
diagnostics,2075-4418,11,3,197
diagnostics,2075-4418,11,4,46
diversity,1424-2818,7,1,5
diversity,1424-2818,7,2,8
diversity,1424-2818,7,3,7
diversity,1424-2818,7,4,3
diversity,1424-2818,8,1,6
diversity,1424-2818,8,2,8
diversity,1424-2818,8,3,3
diversity,1424-2818,8,4,15
diversity,1424-2818,9,1,18
diversity,1424-2818,9,2,6
diversity,1424-2818,9,3,15
diversity,1424-2818,9,4,16
diversity,1424-2818,10,1,16
diversity,1424-2818,10,2,32
diversity,1424-2818,10,3,55
diversity,1424-2818,10,4,27
diversity,1424-2818,11,1,14
diversity,1424-2818,11,2,14
diversity,1424-2818,11,3,19
diversity,1424-2818,11,4,19
diversity,1424-2818,11,5,18
diversity,1424-2818,11,6,14
diversity,1424-2818,11,7,19
diversity,1424-2818,11,8,23
diversity,1424-2818,11,9,33
diversity,1424-2818,12,1,40
diversity,1424-2818,12,2,45
diversity,1424-2818,12,3,35
diversity,1424-2818,12,4,46
diversity,1424-2818,12,5,43
diversity,1424-2818,12,6,51
diversity,1424-2818,12,7,25
diversity,1424-2818,12,8,30
diversity,1424-2818,12,9,48
diversity,1424-2818,13,1,35
diversity,1424-2818,13,2,64
diversity,1424-2818,13,3,38
diversity,1424-2818,13,4,12
electronics,2079-9292,4,1,10
electronics,2079-9292,4,2,10
electronics,2079-9292,4,3,15
electronics,2079-9292,4,4,23
electronics,2079-9292,5,1,13
electronics,2079-9292,5,2,18
electronics,2079-9292,5,3,29
electronics,2079-9292,5,4,34
electronics,2079-9292,6,1,24
electronics,2079-9292,6,2,24
electronics,2079-9292,6,3,21
electronics,2079-9292,6,4,40
electronics,2079-9292,7,1,10
electronics,2079-9292,7,2,16
electronics,2079-9292,7,3,15
electronics,2079-9292,7,4,14
electronics,2079-9292,7,5,22
electronics,2079-9292,7,6,22
electronics,2079-9292,7,7,26
electronics,2079-9292,7,8,28
electronics,2079-9292,7,9,55
electronics,2079-9292,8,1,115
electronics,2079-9292,8,2,140
electronics,2079-9292,8,3,114
electronics,2079-9292,8,4,100
electronics,2079-9292,8,5,125
electronics,2079-9292,8,6,127
electronics,2079-9292,8,7,100
electronics,2079-9292,8,8,92
electronics,2079-9292,8,9,147
electronics,2079-9292,9,1,200
electronics,2079-9292,9,2,179
electronics,2079-9292,9,3,162
electronics,2079-9292,9,4,160
electronics,2079-9292,9,5,178
electronics,2079-9292,9,6,177
electronics,2079-9292,9,7,124
electronics,2079-9292,9,8,152
electronics,2079-9292,9,9,223
electronics,2079-9292,10,1,97
electronics,2079-9292,10,2,123
electronics,2079-9292,10,3,143
electronics,2079-9292,10,4,160
electronics,2079-9292,10,5,111
electronics,2079-9292,10,6,126
electronics,2079-9292,10,7,62
energies,1996-1073,8,1,33
energies,1996-1073,8,2,43
energies,1996-1073,8,3,42
energies,1996-1073,8,4,45
energies,1996-1073,8,5,67
energies,1996-1073,8,6,81
energies,1996-1073,8,7,66
energies,1996-1073,8,8,78
energies,1996-1073,8,9,78
energies,1996-1073,9,1,64
energies,1996-1073,9,2,55
energies,1996-1073,9,3,104
energies,1996-1073,9,4,85
energies,1996-1073,9,5,79
energies,1996-1073,9,6,90
energies,1996-1073,9,7,93
energies,1996-1073,9,8,93
energies,1996-1073,9,9,96
energies,1996-1073,10,1,146
energies,1996-1073,10,2,114
energies,1996-1073,10,3,151
energies,1996-1073,10,4,170
energies,1996-1073,10,5,153
energies,1996-1073,10,6,95
energies,1996-1073,10,7,243
energies,1996-1073,10,8,171
energies,1996-1073,10,9,202
energies,1996-1073,11,1,257
energies,1996-1073,11,2,215
energies,1996-1073,11,3,217
energies,1996-1073,11,4,333
energies,1996-1073,11,5,300
energies,1996-1073,11,6,294
energies,1996-1073,11,7,305
energies,1996-1073,11,8,258
energies,1996-1073,11,9,313
energies,1996-1073,12,1,199
energies,1996-1073,12,2,133
energies,1996-1073,12,3,242
energies,1996-1073,12,4,193
energies,1996-1073,12,5,194
energies,1996-1073,12,6,222
energies,1996-1073,12,7,224
energies,1996-1073,12,8,177
energies,1996-1073,12,9,237
energies,1996-1073,13,1,286
energies,1996-1073,13,2,220
energies,1996-1073,13,3,266
energies,1996-1073,13,4,241
energies,1996-1073,13,5,282
energies,1996-1073,13,6,236
energies,1996-1073,13,7,326
energies,1996-1073,13,8,265
energies,1996-1073,13,9,285
energies,1996-1073,14,1,255
energies,1996-1073,14,2,264
energies,1996-1073,14,3,270
energies,1996-1073,14,4,425
energies,1996-1073,14,5,300
energies,1996-1073,14,6,279
energies,1996-1073,14,7,121
entropy,1099-4300,17,1,25
entropy,1099-4300,17,2,24
entropy,1099-4300,17,3,38
entropy,1099-4300,17,4,46
entropy,1099-4300,17,5,49
entropy,1099-4300,17,6,43
entropy,1099-4300,17,7,36
entropy,1099-4300,17,8,42
entropy,1099-4300,17,9,35
entropy,1099-4300,18,1,36
entropy,1099-4300,18,2,27
entropy,1099-4300,18,3,38
entropy,1099-4300,18,4,53
entropy,1099-4300,18,5,42
entropy,1099-4300,18,6,40
entropy,1099-4300,18,7,36
entropy,1099-4300,18,8,39
entropy,1099-4300,18,9,34
entropy,1099-4300,19,1,45
entropy,1099-4300,19,2,40
entropy,1099-4300,19,3,48
entropy,1099-4300,19,4,47
entropy,1099-4300,19,5,54
entropy,1099-4300,19,6,53
entropy,1099-4300,19,7,87
entropy,1099-4300,19,8,54
entropy,1099-4300,19,9,73
entropy,1099-4300,20,1,77
entropy,1099-4300,20,2,69
entropy,1099-4300,20,3,65
entropy,1099-4300,20,4,96
entropy,1099-4300,20,5,84
entropy,1099-4300,20,6,89
entropy,1099-4300,20,7,64
entropy,1099-4300,20,8,78
entropy,1099-4300,20,9,97
entropy,1099-4300,21,1,99
entropy,1099-4300,21,2,119
entropy,1099-4300,21,3,110
entropy,1099-4300,21,4,108
entropy,1099-4300,21,5,103
entropy,1099-4300,21,6,85
entropy,1099-4300,21,7,95
entropy,1099-4300,21,8,97
entropy,1099-4300,21,9,100
entropy,1099-4300,22,1,127
entropy,1099-4300,22,2,131
entropy,1099-4300,22,3,115
entropy,1099-4300,22,4,120
entropy,1099-4300,22,5,99
entropy,1099-4300,22,6,117
entropy,1099-4300,22,7,88
entropy,1099-4300,22,8,111
entropy,1099-4300,22,9,156
entropy,1099-4300,23,1,128
entropy,1099-4300,23,2,132
entropy,1099-4300,23,3,120
entropy,1099-4300,23,4,30
foods,2304-8158,4,1,4
foods,2304-8158,4,2,14
foods,2304-8158,4,3,17
foods,2304-8158,4,4,14
foods,2304-8158,5,1,20
foods,2304-8158,5,2,24
foods,2304-8158,5,3,22
foods,2304-8158,5,4,23
foods,2304-8158,6,1,9
foods,2304-8158,6,2,7
foods,2304-8158,6,3,7
foods,2304-8158,6,4,8
foods,2304-8158,6,5,7
foods,2304-8158,6,6,7
foods,2304-8158,6,7,10
foods,2304-8158,6,8,16
foods,2304-8158,6,9,12
foods,2304-8158,7,1,10
foods,2304-8158,7,2,17
foods,2304-8158,7,3,15
foods,2304-8158,7,4,23
foods,2304-8158,7,5,15
foods,2304-8158,7,6,15
foods,2304-8158,7,7,21
foods,2304-8158,7,8,13
foods,2304-8158,7,9,25
foods,2304-8158,8,1,40
foods,2304-8158,8,2,45
foods,2304-8158,8,3,26
foods,2304-8158,8,4,31
foods,2304-8158,8,5,36
foods,2304-8158,8,6,48
foods,2304-8158,8,7,52
foods,2304-8158,8,8,76
foods,2304-8158,8,9,71
foods,2304-8158,9,1,109
foods,2304-8158,9,2,138
foods,2304-8158,9,3,131
foods,2304-8158,9,4,159
foods,2304-8158,9,5,147
foods,2304-8158,9,6,156
foods,2304-8158,9,7,125
foods,2304-8158,9,8,172
foods,2304-8158,9,9,202
foods,2304-8158,10,1,199
foods,2304-8158,10,2,282
foods,2304-8158,10,3,207
foods,2304-8158,10,4,48
forests,1999-4907,6,1,15
forests,1999-4907,6,2,15
forests,1999-4907,6,3,18
forests,1999-4907,6,4,28
forests,1999-4907,6,5,17
forests,1999-4907,6,6,28
forests,1999-4907,6,7,12
forests,1999-4907,6,8,20
forests,1999-4907,6,9,25
forests,1999-4907,7,1,25
forests,1999-4907,7,2,22
forests,1999-4907,7,3,25
forests,1999-4907,7,4,19
forests,1999-4907,7,5,18
forests,1999-4907,7,6,18
forests,1999-4907,7,7,24
forests,1999-4907,7,8,31
forests,1999-4907,7,9,27
forests,1999-4907,8,1,29
forests,1999-4907,8,2,22
forests,1999-4907,8,3,43
forests,1999-4907,8,4,43
forests,1999-4907,8,5,39
forests,1999-4907,8,6,44
forests,1999-4907,8,7,40
forests,1999-4907,8,8,41
forests,1999-4907,8,9,52
forests,1999-4907,9,1,47
forests,1999-4907,9,2,50
forests,1999-4907,9,3,59
forests,1999-4907,9,4,69
forests,1999-4907,9,5,58
forests,1999-4907,9,6,86
forests,1999-4907,9,7,72
forests,1999-4907,9,8,63
forests,1999-4907,9,9,77
forests,1999-4907,10,1,76
forests,1999-4907,10,2,124
forests,1999-4907,10,3,92
forests,1999-4907,10,4,68
forests,1999-4907,10,5,100
forests,1999-4907,10,6,67
forests,1999-4907,10,7,80
forests,1999-4907,10,8,101
forests,1999-4907,10,9,115
forests,1999-4907,11,1,122
forests,1999-4907,11,2,128
forests,1999-4907,11,3,112
forests,1999-4907,11,4,120
forests,1999-4907,11,5,121
forests,1999-4907,11,6,108
forests,1999-4907,11,7,74
forests,1999-4907,11,8,112
forests,1999-4907,11,9,128
forests,1999-4907,12,1,108
forests,1999-4907,12,2,150
forests,1999-4907,12,3,123
forests,1999-4907,12,4,35
genes,2073-4425,6,1,7
genes,2073-4425,6,2,16
genes,2073-4425,6,3,27
genes,2073-4425,6,4,23
genes,2073-4425,7,1,4
genes,2073-4425,7,2,5
genes,2073-4425,7,3,2
genes,2073-4425,7,4,5
genes,2073-4425,7,5,5
genes,2073-4425,7,6,8
genes,2073-4425,7,7,10
genes,2073-4425,7,8,15
genes,2073-4425,7,9,16
genes,2073-4425,8,1,44
genes,2073-4425,8,2,39
genes,2073-4425,8,3,21
genes,2073-4425,8,4,22
genes,2073-4425,8,5,19
genes,2073-4425,8,6,23
genes,2073-4425,8,7,21
genes,2073-4425,8,8,18
genes,2073-4425,8,9,27
genes,2073-4425,9,1,54
genes,2073-4425,9,2,63
genes,2073-4425,9,3,55
genes,2073-4425,9,4,53
genes,2073-4425,9,5,43
genes,2073-4425,9,6,45
genes,2073-4425,9,7,57
genes,2073-4425,9,8,49
genes,2073-4425,9,9,43
genes,2073-4425,10,1,71
genes,2073-4425,10,2,106
genes,2073-4425,10,3,73
genes,2073-4425,10,4,71
genes,2073-4425,10,5,84
genes,2073-4425,10,6,76
genes,2073-4425,10,7,74
genes,2073-4425,10,8,75
genes,2073-4425,10,9,99
genes,2073-4425,11,1,115
genes,2073-4425,11,2,121
genes,2073-4425,11,3,109
genes,2073-4425,11,4,124
genes,2073-4425,11,5,119
genes,2073-4425,11,6,125
genes,2073-4425,11,7,121
genes,2073-4425,11,8,118
genes,2073-4425,11,9,159
genes,2073-4425,12,1,125
genes,2073-4425,12,2,196
genes,2073-4425,12,3,139
genes,2073-4425,12,4,49
healthcare,2227-9032,3,1,12
healthcare,2227-9032,3,2,19
healthcare,2227-9032,3,3,31
healthcare,2227-9032,3,4,26
healthcare,2227-9032,4,1,20
healthcare,2227-9032,4,2,14
healthcare,2227-9032,4,3,37
healthcare,2227-9032,4,4,23
healthcare,2227-9032,5,1,17
healthcare,2227-9032,5,2,12
healthcare,2227-9032,5,3,30
healthcare,2227-9032,5,4,35
healthcare,2227-9032,6,1,27
healthcare,2227-9032,6,2,42
healthcare,2227-9032,6,3,49
healthcare,2227-9032,6,4,29
healthcare,2227-9032,7,1,52
healthcare,2227-9032,7,2,28
healthcare,2227-9032,7,3,29
healthcare,2227-9032,7,4,54
healthcare,2227-9032,8,1,68
healthcare,2227-9032,8,2,119
healthcare,2227-9032,8,3,167
healthcare,2227-9032,8,4,226
healthcare,2227-9032,9,1,103
healthcare,2227-9032,9,2,137
healthcare,2227-9032,9,3,124
healthcare,2227-9032,9,4,14
ijerph,1660-4601,12,1,65
ijerph,1660-4601,12,2,74
ijerph,1660-4601,12,3,70
ijerph,1660-4601,12,4,67
ijerph,1660-4601,12,5,70
ijerph,1660-4601,12,6,85
ijerph,1660-4601,12,7,93
ijerph,1660-4601,12,8,101
ijerph,1660-4601,12,9,111
ijerph,1660-4601,13,1,150
ijerph,1660-4601,13,2,95
ijerph,1660-4601,13,3,107
ijerph,1660-4601,13,4,91
ijerph,1660-4601,13,5,78
ijerph,1660-4601,13,6,103
ijerph,1660-4601,13,7,121
ijerph,1660-4601,13,8,91
ijerph,1660-4601,13,9,97
ijerph,1660-4601,14,1,108
ijerph,1660-4601,14,2,109
ijerph,1660-4601,14,3,119
ijerph,1660-4601,14,4,116
ijerph,1660-4601,14,5,99
ijerph,1660-4601,14,6,116
ijerph,1660-4601,14,7,162
ijerph,1660-4601,14,8,118
ijerph,1660-4601,14,9,143
ijerph,1660-4601,15,1,175
ijerph,1660-4601,15,2,218
ijerph,1660-4601,15,3,168
ijerph,1660-4601,15,4,271
ijerph,1660-4601,15,5,217
ijerph,1660-4601,15,6,245
ijerph,1660-4601,15,7,266
ijerph,1660-4601,15,8,231
ijerph,1660-4601,15,9,267
ijerph,1660-4601,16,1,165
ijerph,1660-4601,16,2,129
ijerph,1660-4601,16,3,227
ijerph,1660-4601,16,4,154
ijerph,1660-4601,16,5,225
ijerph,1660-4601,16,6,187
ijerph,1660-4601,16,7,220
ijerph,1660-4601,16,8,168
ijerph,1660-4601,16,9,191
ijerph,1660-4601,17,1,379
ijerph,1660-4601,17,2,296
ijerph,1660-4601,17,3,449
ijerph,1660-4601,17,4,336
ijerph,1660-4601,17,5,350
ijerph,1660-4601,17,6,358
ijerph,1660-4601,17,7,447
ijerph,1660-4601,17,8,361
ijerph,1660-4601,17,9,367
ijerph,1660-4601,18,1,359
ijerph,1660-4601,18,2,487
ijerph,1660-4601,18,3,522
ijerph,1660-4601,18,4,836
ijerph,1660-4601,18,5,582
ijerph,1660-4601,18,6,541
ijerph,1660-4601,18,7,272
ijgi,2220-9964,4,1,21
ijgi,2220-9964,4,2,32
ijgi,2220-9964,4,3,37
ijgi,2220-9964,4,4,53
ijgi,2220-9964,5,1,7
ijgi,2220-9964,5,2,14
ijgi,2220-9964,5,3,17
ijgi,2220-9964,5,4,15
ijgi,2220-9964,5,5,20
ijgi,2220-9964,5,6,26
ijgi,2220-9964,5,7,27
ijgi,2220-9964,5,8,21
ijgi,2220-9964,5,9,18
ijgi,2220-9964,6,1,32
ijgi,2220-9964,6,2,25
ijgi,2220-9964,6,3,34
ijgi,2220-9964,6,4,34
ijgi,2220-9964,6,5,29
ijgi,2220-9964,6,6,29
ijgi,2220-9964,6,7,45
ijgi,2220-9964,6,8,30
ijgi,2220-9964,6,9,32
ijgi,2220-9964,7,1,37
ijgi,2220-9964,7,2,42
ijgi,2220-9964,7,3,48
ijgi,2220-9964,7,4,33
ijgi,2220-9964,7,5,38
ijgi,2220-9964,7,6,35
ijgi,2220-9964,7,7,54
ijgi,2220-9964,7,8,45
ijgi,2220-9964,7,9,49
ijgi,2220-9964,8,1,51
ijgi,2220-9964,8,2,49
ijgi,2220-9964,8,3,59
ijgi,2220-9964,8,4,40
ijgi,2220-9964,8,5,43
ijgi,2220-9964,8,6,47
ijgi,2220-9964,8,7,26
ijgi,2220-9964,8,8,48
ijgi,2220-9964,8,9,62
ijgi,2220-9964,9,1,60
ijgi,2220-9964,9,2,77
ijgi,2220-9964,9,3,48
ijgi,2220-9964,9,4,100
ijgi,2220-9964,9,5,53
ijgi,2220-9964,9,6,72
ijgi,2220-9964,9,7,53
ijgi,2220-9964,9,8,28
ijgi,2220-9964,9,9,66
ijgi,2220-9964,10,1,42
ijgi,2220-9964,10,2,63
ijgi,2220-9964,10,3,89
ijgi,2220-9964,10,4,9
ijms,1422-0067,16,1,130
ijms,1422-0067,16,2,125
ijms,1422-0067,16,3,128
ijms,1422-0067,16,4,143
ijms,1422-0067,16,5,155
ijms,1422-0067,16,6,136
ijms,1422-0067,16,7,133
ijms,1422-0067,16,8,181
ijms,1422-0067,16,9,165
ijms,1422-0067,17,1,134
ijms,1422-0067,17,2,125
ijms,1422-0067,17,3,159
ijms,1422-0067,17,4,187
ijms,1422-0067,17,5,180
ijms,1422-0067,17,6,200
ijms,1422-0067,17,7,200
ijms,1422-0067,17,8,186
ijms,1422-0067,17,9,206
ijms,1422-0067,18,1,226
ijms,1422-0067,18,2,240
ijms,1422-0067,18,3,207
ijms,1422-0067,18,4,217
ijms,1422-0067,18,5,207
ijms,1422-0067,18,6,228
ijms,1422-0067,18,7,268
ijms,1422-0067,18,8,223
ijms,1422-0067,18,9,196
ijms,1422-0067,19,1,316
ijms,1422-0067,19,2,327
ijms,1422-0067,19,3,278
ijms,1422-0067,19,4,343
ijms,1422-0067,19,5,281
ijms,1422-0067,19,6,276
ijms,1422-0067,19,7,327
ijms,1422-0067,19,8,316
ijms,1422-0067,19,9,381
ijms,1422-0067,20,1,232
ijms,1422-0067,20,2,224
ijms,1422-0067,20,3,336
ijms,1422-0067,20,4,209
ijms,1422-0067,20,5,253
ijms,1422-0067,20,6,266
ijms,1422-0067,20,7,282
ijms,1422-0067,20,8,251
ijms,1422-0067,20,9,316
ijms,1422-0067,21,1,370
ijms,1422-0067,21,2,316
ijms,1422-0067,21,3,487
ijms,1422-0067,21,4,376
ijms,1422-0067,21,5,355
ijms,1422-0067,21,6,354
ijms,1422-0067,21,7,400
ijms,1422-0067,21,8,371
ijms,1422-0067,21,9,375
ijms,1422-0067,22,1,472
ijms,1422-0067,22,2,509
ijms,1422-0067,22,3,521
ijms,1422-0067,22,4,726
ijms,1422-0067,22,5,555
ijms,1422-0067,22,6,505
ijms,1422-0067,22,7,314
insects,2075-4450,6,1,19
insects,2075-4450,6,2,21
insects,2075-4450,6,3,12
insects,2075-4450,6,4,14
insects,2075-4450,7,1,10
insects,2075-4450,7,2,18
insects,2075-4450,7,3,18
insects,2075-4450,7,4,34
insects,2075-4450,8,1,33
insects,2075-4450,8,2,30
insects,2075-4450,8,3,40
insects,2075-4450,8,4,27
insects,2075-4450,9,1,35
insects,2075-4450,9,2,37
insects,2075-4450,9,3,50
insects,2075-4450,9,4,73
insects,2075-4450,10,1,33
insects,2075-4450,10,2,26
insects,2075-4450,10,3,24
insects,2075-4450,10,4,35
insects,2075-4450,10,5,33
insects,2075-4450,10,6,32
insects,2075-4450,10,7,35
insects,2075-4450,10,8,38
insects,2075-4450,10,9,50
insects,2075-4450,11,1,67
insects,2075-4450,11,2,73
insects,2075-4450,11,3,62
insects,2075-4450,11,4,59
insects,2075-4450,11,5,63
insects,2075-4450,11,6,74
insects,2075-4450,11,7,57
insects,2075-4450,11,8,92
insects,2075-4450,11,9,103
insects,2075-4450,12,1,84
insects,2075-4450,12,2,104
insects,2075-4450,12,3,84
insects,2075-4450,12,4,35
jcm,2077-0383,4,1,14
jcm,2077-0383,4,2,9
jcm,2077-0383,4,3,9
jcm,2077-0383,4,4,14
jcm,2077-0383,4,5,24
jcm,2077-0383,4,6,11
jcm,2077-0383,4,7,10
jcm,2077-0383,4,8,8
jcm,2077-0383,4,9,11
jcm,2077-0383,5,1,12
jcm,2077-0383,5,2,15
jcm,2077-0383,5,3,11
jcm,2077-0383,5,4,10
jcm,2077-0383,5,5,6
jcm,2077-0383,5,6,5
jcm,2077-0383,5,7,6
jcm,2077-0383,5,8,8
jcm,2077-0383,5,9,10
jcm,2077-0383,6,1,12
jcm,2077-0383,6,2,10
jcm,2077-0383,6,3,13
jcm,2077-0383,6,4,12
jcm,2077-0383,6,5,8
jcm,2077-0383,6,6,7
jcm,2077-0383,6,7,12
jcm,2077-0383,6,8,6
jcm,2077-0383,6,9,10
jcm,2077-0383,7,1,10
jcm,2077-0383,7,2,26
jcm,2077-0383,7,3,23
jcm,2077-0383,7,4,28
jcm,2077-0383,7,5,28
jcm,2077-0383,7,6,41
jcm,2077-0383,7,7,24
jcm,2077-0383,7,8,46
jcm,2077-0383,7,9,66
jcm,2077-0383,8,1,127
jcm,2077-0383,8,2,153
jcm,2077-0383,8,3,135
jcm,2077-0383,8,4,150
jcm,2077-0383,8,5,191
jcm,2077-0383,8,6,154
jcm,2077-0383,8,7,175
jcm,2077-0383,8,8,181
jcm,2077-0383,8,9,236
jcm,2077-0383,9,1,287
jcm,2077-0383,9,2,324
jcm,2077-0383,9,3,282
jcm,2077-0383,9,4,350
jcm,2077-0383,9,5,361
jcm,2077-0383,9,6,413
jcm,2077-0383,9,7,303
jcm,2077-0383,9,8,360
jcm,2077-0383,9,9,380
jcm,2077-0383,10,1,165
jcm,2077-0383,10,2,207
jcm,2077-0383,10,3,182
jcm,2077-0383,10,4,339
jcm,2077-0383,10,5,256
jcm,2077-0383,10,6,184
jcm,2077-0383,10,7,57
jmse,2077-1312,3,1,10
jmse,2077-1312,3,2,17
jmse,2077-1312,3,3,31
jmse,2077-1312,3,4,20
jmse,2077-1312,4,1,28
jmse,2077-1312,4,2,13
jmse,2077-1312,4,3,22
jmse,2077-1312,4,4,23
jmse,2077-1312,5,1,14
jmse,2077-1312,5,2,10
jmse,2077-1312,5,3,20
jmse,2077-1312,5,4,17
jmse,2077-1312,6,1,28
jmse,2077-1312,6,2,45
jmse,2077-1312,6,3,34
jmse,2077-1312,6,4,52
jmse,2077-1312,7,1,19
jmse,2077-1312,7,2,35
jmse,2077-1312,7,3,27
jmse,2077-1312,7,4,39
jmse,2077-1312,7,5,42
jmse,2077-1312,7,6,34
jmse,2077-1312,7,7,42
jmse,2077-1312,7,8,43
jmse,2077-1312,7,9,45
jmse,2077-1312,8,1,62
jmse,2077-1312,8,2,83
jmse,2077-1312,8,3,84
jmse,2077-1312,8,4,70
jmse,2077-1312,8,5,80
jmse,2077-1312,8,6,94
jmse,2077-1312,8,7,70
jmse,2077-1312,8,8,80
jmse,2077-1312,8,9,108
jmse,2077-1312,9,1,101
jmse,2077-1312,9,2,137
jmse,2077-1312,9,3,112
jmse,2077-1312,9,4,19
jof,2309-608X,1,1,7
jof,2309-608X,1,2,13
jof,2309-608X,1,3,6
jof,2309-608X,2,1,11
jof,2309-608X,2,2,8
jof,2309-608X,2,3,6
jof,2309-608X,2,4,9
jof,2309-608X,3,1,16
jof,2309-608X,3,2,14
jof,2309-608X,3,3,20
jof,2309-608X,3,4,19
jof,2309-608X,4,1,40
jof,2309-608X,4,2,33
jof,2309-608X,4,3,40
jof,2309-608X,4,4,28
jof,2309-608X,5,1,26
jof,2309-608X,5,2,27
jof,2309-608X,5,3,33
jof,2309-608X,5,4,31
jof,2309-608X,6,1,39
jof,2309-608X,6,2,56
jof,2309-608X,6,3,90
jof,2309-608X,6,4,200
jof,2309-608X,7,1,66
jof,2309-608X,7,2,92
jof,2309-608X,7,3,83
jof,2309-608X,7,4,18
jpm,2075-4426,5,1,5
jpm,2075-4426,5,2,13
jpm,2075-4426,5,3,7
jpm,2075-4426,5,4,9
jpm,2075-4426,6,1,13
jpm,2075-4426,6,2,4
jpm,2075-4426,6,3,1
jpm,2075-4426,6,4,2
jpm,2075-4426,7,1,2
jpm,2075-4426,7,2,2
jpm,2075-4426,7,3,5
jpm,2075-4426,7,4,12
jpm,2075-4426,8,1,12
jpm,2075-4426,8,2,8
jpm,2075-4426,8,3,10
jpm,2075-4426,8,4,15
jpm,2075-4426,9,1,17
jpm,2075-4426,9,2,14
jpm,2075-4426,9,3,13
jpm,2075-4426,9,4,8
jpm,2075-4426,10,1,19
jpm,2075-4426,10,2,35
jpm,2075-4426,10,3,86
jpm,2075-4426,10,4,154
jpm,2075-4426,11,1,60
jpm,2075-4426,11,2,98
jpm,2075-4426,11,3,80
jpm,2075-4426,11,4,13
jtaer,0718-1876,10,1,7
jtaer,0718-1876,10,2,6
jtaer,0718-1876,10,3,6
jtaer,0718-1876,11,1,6
jtaer,0718-1876,11,2,6
jtaer,0718-1876,11,3,6
jtaer,0718-1876,12,1,6
jtaer,0718-1876,12,2,6
jtaer,0718-1876,12,3,6
jtaer,0718-1876,13,1,7
jtaer,0718-1876,13,2,7
jtaer,0718-1876,13,3,6
jtaer,0718-1876,14,1,6
jtaer,0718-1876,14,2,11
jtaer,0718-1876,14,3,10
jtaer,0718-1876,15,1,8
jtaer,0718-1876,15,2,8
jtaer,0718-1876,15,3,7
jtaer,0718-1876,16,1,6
jtaer,0718-1876,16,2,13
jtaer,0718-1876,16,3,15
jtaer,0718-1876,16,4,31
jtaer,0718-1876,16,5,NA
land,2073-445X,4,1,12
land,2073-445X,4,2,12
land,2073-445X,4,3,16
land,2073-445X,4,4,14
land,2073-445X,5,1,6
land,2073-445X,5,2,12
land,2073-445X,5,3,12
land,2073-445X,5,4,16
land,2073-445X,6,1,21
land,2073-445X,6,2,23
land,2073-445X,6,3,21
land,2073-445X,6,4,26
land,2073-445X,7,1,39
land,2073-445X,7,2,39
land,2073-445X,7,3,33
land,2073-445X,7,4,50
land,2073-445X,8,1,21
land,2073-445X,8,2,17
land,2073-445X,8,3,14
land,2073-445X,8,4,20
land,2073-445X,8,5,12
land,2073-445X,8,6,18
land,2073-445X,8,7,10
land,2073-445X,8,8,14
land,2073-445X,8,9,16
land,2073-445X,9,1,31
land,2073-445X,9,2,29
land,2073-445X,9,3,36
land,2073-445X,9,4,32
land,2073-445X,9,5,43
land,2073-445X,9,6,38
land,2073-445X,9,7,27
land,2073-445X,9,8,42
land,2073-445X,9,9,61
land,2073-445X,10,1,90
land,2073-445X,10,2,137
land,2073-445X,10,3,105
land,2073-445X,10,4,13
life,2075-1729,5,1,53
life,2075-1729,5,2,21
life,2075-1729,5,3,5
life,2075-1729,5,4,10
life,2075-1729,6,1,14
life,2075-1729,6,2,10
life,2075-1729,6,3,15
life,2075-1729,6,4,4
life,2075-1729,7,1,12
life,2075-1729,7,2,16
life,2075-1729,7,3,8
life,2075-1729,7,4,17
life,2075-1729,8,1,8
life,2075-1729,8,2,16
life,2075-1729,8,3,13
life,2075-1729,8,4,27
life,2075-1729,9,1,30
life,2075-1729,9,2,23
life,2075-1729,9,3,23
life,2075-1729,9,4,10
life,2075-1729,10,1,6
life,2075-1729,10,2,12
life,2075-1729,10,3,12
life,2075-1729,10,4,20
life,2075-1729,10,5,26
life,2075-1729,10,6,22
life,2075-1729,10,7,21
life,2075-1729,10,8,35
life,2075-1729,10,9,62
life,2075-1729,11,1,72
life,2075-1729,11,2,105
life,2075-1729,11,3,89
life,2075-1729,11,4,29
magnetochemistry,2312-7481,1,1,7
magnetochemistry,2312-7481,2,1,18
magnetochemistry,2312-7481,2,2,9
magnetochemistry,2312-7481,2,3,9
magnetochemistry,2312-7481,2,4,10
magnetochemistry,2312-7481,3,1,15
magnetochemistry,2312-7481,3,2,7
magnetochemistry,2312-7481,3,3,7
magnetochemistry,2312-7481,3,4,13
magnetochemistry,2312-7481,4,1,18
magnetochemistry,2312-7481,4,2,10
magnetochemistry,2312-7481,4,3,13
magnetochemistry,2312-7481,4,4,18
magnetochemistry,2312-7481,5,1,20
magnetochemistry,2312-7481,5,2,18
magnetochemistry,2312-7481,5,3,15
magnetochemistry,2312-7481,5,4,16
magnetochemistry,2312-7481,6,1,16
magnetochemistry,2312-7481,6,2,12
magnetochemistry,2312-7481,6,3,16
magnetochemistry,2312-7481,6,4,29
magnetochemistry,2312-7481,7,1,16
magnetochemistry,2312-7481,7,2,14
magnetochemistry,2312-7481,7,3,14
magnetochemistry,2312-7481,7,4,3
marinedrugs,1660-3397,13,1,37
marinedrugs,1660-3397,13,2,25
marinedrugs,1660-3397,13,3,28
marinedrugs,1660-3397,13,4,49
marinedrugs,1660-3397,13,5,34
marinedrugs,1660-3397,13,6,39
marinedrugs,1660-3397,13,7,29
marinedrugs,1660-3397,13,8,38
marinedrugs,1660-3397,13,9,29
marinedrugs,1660-3397,14,1,24
marinedrugs,1660-3397,14,2,17
marinedrugs,1660-3397,14,3,19
marinedrugs,1660-3397,14,4,20
marinedrugs,1660-3397,14,5,22
marinedrugs,1660-3397,14,6,17
marinedrugs,1660-3397,14,7,19
marinedrugs,1660-3397,14,8,18
marinedrugs,1660-3397,14,9,14
marinedrugs,1660-3397,15,1,23
marinedrugs,1660-3397,15,2,28
marinedrugs,1660-3397,15,3,33
marinedrugs,1660-3397,15,4,40
marinedrugs,1660-3397,15,5,21
marinedrugs,1660-3397,15,6,47
marinedrugs,1660-3397,15,7,42
marinedrugs,1660-3397,15,8,26
marinedrugs,1660-3397,15,9,33
marinedrugs,1660-3397,16,1,38
marinedrugs,1660-3397,16,2,36
marinedrugs,1660-3397,16,3,24
marinedrugs,1660-3397,16,4,39
marinedrugs,1660-3397,16,5,38
marinedrugs,1660-3397,16,6,42
marinedrugs,1660-3397,16,7,29
marinedrugs,1660-3397,16,8,43
marinedrugs,1660-3397,16,9,53
marinedrugs,1660-3397,17,1,72
marinedrugs,1660-3397,17,2,64
marinedrugs,1660-3397,17,3,57
marinedrugs,1660-3397,17,4,54
marinedrugs,1660-3397,17,5,64
marinedrugs,1660-3397,17,6,70
marinedrugs,1660-3397,17,7,50
marinedrugs,1660-3397,17,8,53
marinedrugs,1660-3397,17,9,56
marinedrugs,1660-3397,18,1,69
marinedrugs,1660-3397,18,2,61
marinedrugs,1660-3397,18,3,47
marinedrugs,1660-3397,18,4,51
marinedrugs,1660-3397,18,5,50
marinedrugs,1660-3397,18,6,57
marinedrugs,1660-3397,18,7,40
marinedrugs,1660-3397,18,8,55
marinedrugs,1660-3397,18,9,56
marinedrugs,1660-3397,19,1,44
marinedrugs,1660-3397,19,2,75
marinedrugs,1660-3397,19,3,58
marinedrugs,1660-3397,19,4,19
materials,1996-1944,8,1,24
materials,1996-1944,8,2,30
materials,1996-1944,8,3,32
materials,1996-1944,8,4,43
materials,1996-1944,8,5,50
materials,1996-1944,8,6,54
materials,1996-1944,8,7,56
materials,1996-1944,8,8,64
materials,1996-1944,8,9,61
materials,1996-1944,9,1,66
materials,1996-1944,9,2,53
materials,1996-1944,9,3,95
materials,1996-1944,9,4,91
materials,1996-1944,9,5,96
materials,1996-1944,9,6,97
materials,1996-1944,9,7,111
materials,1996-1944,9,8,101
materials,1996-1944,9,9,83
materials,1996-1944,10,1,93
materials,1996-1944,10,2,124
materials,1996-1944,10,3,108
materials,1996-1944,10,4,123
materials,1996-1944,10,5,118
materials,1996-1944,10,6,117
materials,1996-1944,10,7,163
materials,1996-1944,10,8,134
materials,1996-1944,10,9,125
materials,1996-1944,11,1,173
materials,1996-1944,11,2,157
materials,1996-1944,11,3,128
materials,1996-1944,11,4,192
materials,1996-1944,11,5,217
materials,1996-1944,11,6,182
materials,1996-1944,11,7,214
materials,1996-1944,11,8,221
materials,1996-1944,11,9,302
materials,1996-1944,12,1,196
materials,1996-1944,12,2,135
materials,1996-1944,12,3,219
materials,1996-1944,12,4,134
materials,1996-1944,12,5,156
materials,1996-1944,12,6,161
materials,1996-1944,12,7,193
materials,1996-1944,12,8,165
materials,1996-1944,12,9,212
materials,1996-1944,13,1,253
materials,1996-1944,13,2,240
materials,1996-1944,13,3,316
materials,1996-1944,13,4,213
materials,1996-1944,13,5,239
materials,1996-1944,13,6,221
materials,1996-1944,13,7,314
materials,1996-1944,13,8,210
materials,1996-1944,13,9,202
materials,1996-1944,14,1,235
materials,1996-1944,14,2,237
materials,1996-1944,14,3,230
materials,1996-1944,14,4,350
materials,1996-1944,14,5,269
materials,1996-1944,14,6,255
materials,1996-1944,14,7,132
mathematics,2227-7390,3,1,9
mathematics,2227-7390,3,2,20
mathematics,2227-7390,3,3,17
mathematics,2227-7390,3,4,15
mathematics,2227-7390,4,1,20
mathematics,2227-7390,4,2,22
mathematics,2227-7390,4,3,14
mathematics,2227-7390,4,4,13
mathematics,2227-7390,5,1,18
mathematics,2227-7390,5,2,16
mathematics,2227-7390,5,3,12
mathematics,2227-7390,5,4,38
mathematics,2227-7390,6,1,14
mathematics,2227-7390,6,2,15
mathematics,2227-7390,6,3,15
mathematics,2227-7390,6,4,20
mathematics,2227-7390,6,5,22
mathematics,2227-7390,6,6,19
mathematics,2227-7390,6,7,22
mathematics,2227-7390,6,8,14
mathematics,2227-7390,6,9,31
mathematics,2227-7390,7,1,110
mathematics,2227-7390,7,2,103
mathematics,2227-7390,7,3,94
mathematics,2227-7390,7,4,71
mathematics,2227-7390,7,5,106
mathematics,2227-7390,7,6,83
mathematics,2227-7390,7,7,90
mathematics,2227-7390,7,8,108
mathematics,2227-7390,7,9,106
mathematics,2227-7390,8,1,145
mathematics,2227-7390,8,2,156
mathematics,2227-7390,8,3,159
mathematics,2227-7390,8,4,192
mathematics,2227-7390,8,5,206
mathematics,2227-7390,8,6,186
mathematics,2227-7390,8,7,155
mathematics,2227-7390,8,8,188
mathematics,2227-7390,8,9,250
mathematics,2227-7390,9,1,107
mathematics,2227-7390,9,2,93
mathematics,2227-7390,9,3,93
mathematics,2227-7390,9,4,160
mathematics,2227-7390,9,5,128
mathematics,2227-7390,9,6,114
mathematics,2227-7390,9,7,44
medicina,1648-9144,51,1,9
medicina,1648-9144,51,2,9
medicina,1648-9144,51,3,9
medicina,1648-9144,51,4,9
medicina,1648-9144,51,5,9
medicina,1648-9144,51,6,7
medicina,1648-9144,52,1,9
medicina,1648-9144,52,2,9
medicina,1648-9144,52,3,8
medicina,1648-9144,52,4,9
medicina,1648-9144,52,5,9
medicina,1648-9144,52,6,8
medicina,1648-9144,53,1,9
medicina,1648-9144,53,2,8
medicina,1648-9144,53,3,9
medicina,1648-9144,53,4,9
medicina,1648-9144,53,5,8
medicina,1648-9144,53,6,9
medicina,1648-9144,54,1,10
medicina,1648-9144,54,2,21
medicina,1648-9144,54,3,18
medicina,1648-9144,54,4,16
medicina,1648-9144,54,5,26
medicina,1648-9144,54,6,18
medicina,1648-9144,55,1,24
medicina,1648-9144,55,2,33
medicina,1648-9144,55,3,23
medicina,1648-9144,55,4,35
medicina,1648-9144,55,5,100
medicina,1648-9144,55,6,97
medicina,1648-9144,55,7,89
medicina,1648-9144,55,8,106
medicina,1648-9144,55,9,101
medicina,1648-9144,56,1,45
medicina,1648-9144,56,2,49
medicina,1648-9144,56,3,50
medicina,1648-9144,56,4,61
medicina,1648-9144,56,5,49
medicina,1648-9144,56,6,64
medicina,1648-9144,56,7,46
medicina,1648-9144,56,8,51
medicina,1648-9144,56,9,70
medicina,1648-9144,57,1,81
medicina,1648-9144,57,2,108
medicina,1648-9144,57,3,112
medicina,1648-9144,57,4,18
membranes,2077-0375,5,1,9
membranes,2077-0375,5,2,6
membranes,2077-0375,5,3,10
membranes,2077-0375,5,4,25
membranes,2077-0375,6,1,20
membranes,2077-0375,6,2,15
membranes,2077-0375,6,3,9
membranes,2077-0375,6,4,15
membranes,2077-0375,7,1,16
membranes,2077-0375,7,2,16
membranes,2077-0375,7,3,22
membranes,2077-0375,7,4,16
membranes,2077-0375,8,1,16
membranes,2077-0375,8,2,18
membranes,2077-0375,8,3,51
membranes,2077-0375,8,4,49
membranes,2077-0375,9,1,17
membranes,2077-0375,9,2,16
membranes,2077-0375,9,3,11
membranes,2077-0375,9,4,12
membranes,2077-0375,9,5,9
membranes,2077-0375,9,6,9
membranes,2077-0375,9,7,16
membranes,2077-0375,9,8,14
membranes,2077-0375,9,9,18
membranes,2077-0375,10,1,19
membranes,2077-0375,10,2,14
membranes,2077-0375,10,3,21
membranes,2077-0375,10,4,24
membranes,2077-0375,10,5,33
membranes,2077-0375,10,6,24
membranes,2077-0375,10,7,24
membranes,2077-0375,10,8,32
membranes,2077-0375,10,9,57
membranes,2077-0375,11,1,70
membranes,2077-0375,11,2,87
membranes,2077-0375,11,3,72
membranes,2077-0375,11,4,22
metabolites,2218-1989,5,1,8
metabolites,2218-1989,5,2,12
metabolites,2218-1989,5,3,8
metabolites,2218-1989,5,4,11
metabolites,2218-1989,6,1,11
metabolites,2218-1989,6,2,8
metabolites,2218-1989,6,3,10
metabolites,2218-1989,6,4,18
metabolites,2218-1989,7,1,11
metabolites,2218-1989,7,2,19
metabolites,2218-1989,7,3,18
metabolites,2218-1989,7,4,17
metabolites,2218-1989,8,1,24
metabolites,2218-1989,8,2,15
metabolites,2218-1989,8,3,14
metabolites,2218-1989,8,4,42
metabolites,2218-1989,9,1,18
metabolites,2218-1989,9,2,20
metabolites,2218-1989,9,3,21
metabolites,2218-1989,9,4,21
metabolites,2218-1989,9,5,24
metabolites,2218-1989,9,6,17
metabolites,2218-1989,9,7,33
metabolites,2218-1989,9,8,16
metabolites,2218-1989,9,9,22
metabolites,2218-1989,10,1,41
metabolites,2218-1989,10,2,38
metabolites,2218-1989,10,3,43
metabolites,2218-1989,10,4,49
metabolites,2218-1989,10,5,45
metabolites,2218-1989,10,6,50
metabolites,2218-1989,10,7,33
metabolites,2218-1989,10,8,36
metabolites,2218-1989,10,9,44
metabolites,2218-1989,11,1,60
metabolites,2218-1989,11,2,68
metabolites,2218-1989,11,3,63
metabolites,2218-1989,11,4,19
metals,2075-4701,5,1,29
metals,2075-4701,5,2,40
metals,2075-4701,5,3,41
metals,2075-4701,5,4,50
metals,2075-4701,6,1,26
metals,2075-4701,6,2,14
metals,2075-4701,6,3,30
metals,2075-4701,6,4,24
metals,2075-4701,6,5,28
metals,2075-4701,6,6,20
metals,2075-4701,6,7,29
metals,2075-4701,6,8,22
metals,2075-4701,6,9,34
metals,2075-4701,7,1,31
metals,2075-4701,7,2,37
metals,2075-4701,7,3,38
metals,2075-4701,7,4,45
metals,2075-4701,7,5,32
metals,2075-4701,7,6,46
metals,2075-4701,7,7,52
metals,2075-4701,7,8,40
metals,2075-4701,7,9,62
metals,2075-4701,8,1,80
metals,2075-4701,8,2,67
metals,2075-4701,8,3,50
metals,2075-4701,8,4,93
metals,2075-4701,8,5,82
metals,2075-4701,8,6,98
metals,2075-4701,8,7,94
metals,2075-4701,8,8,89
metals,2075-4701,8,9,83
metals,2075-4701,9,1,109
metals,2075-4701,9,2,160
metals,2075-4701,9,3,114
metals,2075-4701,9,4,98
metals,2075-4701,9,5,135
metals,2075-4701,9,6,100
metals,2075-4701,9,7,94
metals,2075-4701,9,8,104
metals,2075-4701,9,9,107
metals,2075-4701,10,1,155
metals,2075-4701,10,2,141
metals,2075-4701,10,3,125
metals,2075-4701,10,4,131
metals,2075-4701,10,5,147
metals,2075-4701,10,6,147
metals,2075-4701,10,7,139
metals,2075-4701,10,8,124
metals,2075-4701,10,9,164
metals,2075-4701,11,1,176
metals,2075-4701,11,2,199
metals,2075-4701,11,3,150
metals,2075-4701,11,4,39
micromachines,2072-666X,6,1,12
micromachines,2072-666X,6,2,10
micromachines,2072-666X,6,3,9
micromachines,2072-666X,6,4,8
micromachines,2072-666X,6,5,9
micromachines,2072-666X,6,6,10
micromachines,2072-666X,6,7,10
micromachines,2072-666X,6,8,14
micromachines,2072-666X,6,9,12
micromachines,2072-666X,7,1,16
micromachines,2072-666X,7,2,17
micromachines,2072-666X,7,3,18
micromachines,2072-666X,7,4,21
micromachines,2072-666X,7,5,20
micromachines,2072-666X,7,6,13
micromachines,2072-666X,7,7,22
micromachines,2072-666X,7,8,18
micromachines,2072-666X,7,9,25
micromachines,2072-666X,8,1,30
micromachines,2072-666X,8,2,32
micromachines,2072-666X,8,3,31
micromachines,2072-666X,8,4,39
micromachines,2072-666X,8,5,33
micromachines,2072-666X,8,6,31
micromachines,2072-666X,8,7,33
micromachines,2072-666X,8,8,29
micromachines,2072-666X,8,9,28
micromachines,2072-666X,9,1,40
micromachines,2072-666X,9,2,51
micromachines,2072-666X,9,3,47
micromachines,2072-666X,9,4,58
micromachines,2072-666X,9,5,58
micromachines,2072-666X,9,6,58
micromachines,2072-666X,9,7,54
micromachines,2072-666X,9,8,52
micromachines,2072-666X,9,9,56
micromachines,2072-666X,10,1,75
micromachines,2072-666X,10,2,83
micromachines,2072-666X,10,3,56
micromachines,2072-666X,10,4,63
micromachines,2072-666X,10,5,71
micromachines,2072-666X,10,6,78
micromachines,2072-666X,10,7,65
micromachines,2072-666X,10,8,61
micromachines,2072-666X,10,9,74
micromachines,2072-666X,11,1,111
micromachines,2072-666X,11,2,122
micromachines,2072-666X,11,3,105
micromachines,2072-666X,11,4,112
micromachines,2072-666X,11,5,88
micromachines,2072-666X,11,6,87
micromachines,2072-666X,11,7,82
micromachines,2072-666X,11,8,76
micromachines,2072-666X,11,9,99
micromachines,2072-666X,12,1,98
micromachines,2072-666X,12,2,128
micromachines,2072-666X,12,3,120
micromachines,2072-666X,12,4,25
microorganisms,2076-2607,3,1,7
microorganisms,2076-2607,3,2,9
microorganisms,2076-2607,3,3,16
microorganisms,2076-2607,3,4,19
microorganisms,2076-2607,4,1,17
microorganisms,2076-2607,4,2,4
microorganisms,2076-2607,4,3,16
microorganisms,2076-2607,4,4,10
microorganisms,2076-2607,5,1,13
microorganisms,2076-2607,5,2,21
microorganisms,2076-2607,5,3,29
microorganisms,2076-2607,5,4,19
microorganisms,2076-2607,6,1,27
microorganisms,2076-2607,6,2,28
microorganisms,2076-2607,6,3,40
microorganisms,2076-2607,6,4,33
microorganisms,2076-2607,7,1,26
microorganisms,2076-2607,7,2,35
microorganisms,2076-2607,7,3,31
microorganisms,2076-2607,7,4,20
microorganisms,2076-2607,7,5,40
microorganisms,2076-2607,7,6,31
microorganisms,2076-2607,7,7,29
microorganisms,2076-2607,7,8,61
microorganisms,2076-2607,7,9,98
microorganisms,2076-2607,8,1,143
microorganisms,2076-2607,8,2,169
microorganisms,2076-2607,8,3,149
microorganisms,2076-2607,8,4,158
microorganisms,2076-2607,8,5,171
microorganisms,2076-2607,8,6,173
microorganisms,2076-2607,8,7,130
microorganisms,2076-2607,8,8,161
microorganisms,2076-2607,8,9,199
microorganisms,2076-2607,9,1,204
microorganisms,2076-2607,9,2,260
microorganisms,2076-2607,9,3,205
microorganisms,2076-2607,9,4,45
minerals,2075-163X,5,1,6
minerals,2075-163X,5,2,15
minerals,2075-163X,5,3,11
minerals,2075-163X,5,4,22
minerals,2075-163X,6,1,23
minerals,2075-163X,6,2,33
minerals,2075-163X,6,3,41
minerals,2075-163X,6,4,35
minerals,2075-163X,7,1,15
minerals,2075-163X,7,2,16
minerals,2075-163X,7,3,15
minerals,2075-163X,7,4,18
minerals,2075-163X,7,5,21
minerals,2075-163X,7,6,21
minerals,2075-163X,7,7,22
minerals,2075-163X,7,8,23
minerals,2075-163X,7,9,25
minerals,2075-163X,8,1,31
minerals,2075-163X,8,2,46
minerals,2075-163X,8,3,43
minerals,2075-163X,8,4,53
minerals,2075-163X,8,5,47
minerals,2075-163X,8,6,42
minerals,2075-163X,8,7,48
minerals,2075-163X,8,8,50
minerals,2075-163X,8,9,56
minerals,2075-163X,9,1,66
minerals,2075-163X,9,2,69
minerals,2075-163X,9,3,64
minerals,2075-163X,9,4,55
minerals,2075-163X,9,5,73
minerals,2075-163X,9,6,57
minerals,2075-163X,9,7,71
minerals,2075-163X,9,8,47
minerals,2075-163X,9,9,65
minerals,2075-163X,10,1,85
minerals,2075-163X,10,2,118
minerals,2075-163X,10,3,89
minerals,2075-163X,10,4,93
minerals,2075-163X,10,5,99
minerals,2075-163X,10,6,94
minerals,2075-163X,10,7,68
minerals,2075-163X,10,8,81
minerals,2075-163X,10,9,109
minerals,2075-163X,11,1,94
minerals,2075-163X,11,2,135
minerals,2075-163X,11,3,105
minerals,2075-163X,11,4,27
molecules,1420-3049,20,1,107
molecules,1420-3049,20,2,97
molecules,1420-3049,20,3,104
molecules,1420-3049,20,4,128
molecules,1420-3049,20,5,117
molecules,1420-3049,20,6,128
molecules,1420-3049,20,7,106
molecules,1420-3049,20,8,116
molecules,1420-3049,20,9,126
molecules,1420-3049,21,1,124
molecules,1420-3049,21,2,117
molecules,1420-3049,21,3,144
molecules,1420-3049,21,4,149
molecules,1420-3049,21,5,139
molecules,1420-3049,21,6,141
molecules,1420-3049,21,7,146
molecules,1420-3049,21,8,142
molecules,1420-3049,21,9,160
molecules,1420-3049,22,1,185
molecules,1420-3049,22,2,154
molecules,1420-3049,22,3,163
molecules,1420-3049,22,4,174
molecules,1420-3049,22,5,174
molecules,1420-3049,22,6,171
molecules,1420-3049,22,7,209
molecules,1420-3049,22,8,149
molecules,1420-3049,22,9,186
molecules,1420-3049,23,1,219
molecules,1420-3049,23,2,290
molecules,1420-3049,23,3,199
molecules,1420-3049,23,4,277
molecules,1420-3049,23,5,253
molecules,1420-3049,23,6,259
molecules,1420-3049,23,7,338
molecules,1420-3049,23,8,252
molecules,1420-3049,23,9,317
molecules,1420-3049,24,1,214
molecules,1420-3049,24,2,162
molecules,1420-3049,24,3,278
molecules,1420-3049,24,4,170
molecules,1420-3049,24,5,176
molecules,1420-3049,24,6,190
molecules,1420-3049,24,7,255
molecules,1420-3049,24,8,196
molecules,1420-3049,24,9,201
molecules,1420-3049,25,1,238
molecules,1420-3049,25,2,192
molecules,1420-3049,25,3,334
molecules,1420-3049,25,4,253
molecules,1420-3049,25,5,240
molecules,1420-3049,25,6,218
molecules,1420-3049,25,7,285
molecules,1420-3049,25,8,244
molecules,1420-3049,25,9,263
molecules,1420-3049,26,1,248
molecules,1420-3049,26,2,268
molecules,1420-3049,26,3,256
molecules,1420-3049,26,4,425
molecules,1420-3049,26,5,299
molecules,1420-3049,26,6,319
molecules,1420-3049,26,7,138
nanomaterials,2079-4991,5,1,23
nanomaterials,2079-4991,5,2,39
nanomaterials,2079-4991,5,3,26
nanomaterials,2079-4991,5,4,47
nanomaterials,2079-4991,6,1,23
nanomaterials,2079-4991,6,2,11
nanomaterials,2079-4991,6,3,20
nanomaterials,2079-4991,6,4,26
nanomaterials,2079-4991,6,5,14
nanomaterials,2079-4991,6,6,25
nanomaterials,2079-4991,6,7,17
nanomaterials,2079-4991,6,8,17
nanomaterials,2079-4991,6,9,22
nanomaterials,2079-4991,7,1,22
nanomaterials,2079-4991,7,2,27
nanomaterials,2079-4991,7,3,22
nanomaterials,2079-4991,7,4,21
nanomaterials,2079-4991,7,5,25
nanomaterials,2079-4991,7,6,33
nanomaterials,2079-4991,7,7,44
nanomaterials,2079-4991,7,8,37
nanomaterials,2079-4991,7,9,51
nanomaterials,2079-4991,8,1,53
nanomaterials,2079-4991,8,2,75
nanomaterials,2079-4991,8,3,51
nanomaterials,2079-4991,8,4,90
nanomaterials,2079-4991,8,5,86
nanomaterials,2079-4991,8,6,94
nanomaterials,2079-4991,8,7,112
nanomaterials,2079-4991,8,8,71
nanomaterials,2079-4991,8,9,112
nanomaterials,2079-4991,9,1,131
nanomaterials,2079-4991,9,2,180
nanomaterials,2079-4991,9,3,173
nanomaterials,2079-4991,9,4,174
nanomaterials,2079-4991,9,5,148
nanomaterials,2079-4991,9,6,106
nanomaterials,2079-4991,9,7,145
nanomaterials,2079-4991,9,8,126
nanomaterials,2079-4991,9,9,162
nanomaterials,2079-4991,10,1,181
nanomaterials,2079-4991,10,2,219
nanomaterials,2079-4991,10,3,197
nanomaterials,2079-4991,10,4,220
nanomaterials,2079-4991,10,5,193
nanomaterials,2079-4991,10,6,237
nanomaterials,2079-4991,10,7,180
nanomaterials,2079-4991,10,8,193
nanomaterials,2079-4991,10,9,275
nanomaterials,2079-4991,11,1,254
nanomaterials,2079-4991,11,2,303
nanomaterials,2079-4991,11,3,269
nanomaterials,2079-4991,11,4,58
nutrients,2072-6643,7,1,40
nutrients,2072-6643,7,2,36
nutrients,2072-6643,7,3,42
nutrients,2072-6643,7,4,58
nutrients,2072-6643,7,5,49
nutrients,2072-6643,7,6,64
nutrients,2072-6643,7,7,59
nutrients,2072-6643,7,8,58
nutrients,2072-6643,7,9,63
nutrients,2072-6643,8,1,58
nutrients,2072-6643,8,2,45
nutrients,2072-6643,8,3,70
nutrients,2072-6643,8,4,65
nutrients,2072-6643,8,5,77
nutrients,2072-6643,8,6,68
nutrients,2072-6643,8,7,61
nutrients,2072-6643,8,8,72
nutrients,2072-6643,8,9,66
nutrients,2072-6643,9,1,87
nutrients,2072-6643,9,2,94
nutrients,2072-6643,9,3,134
nutrients,2072-6643,9,4,107
nutrients,2072-6643,9,5,107
nutrients,2072-6643,9,6,109
nutrients,2072-6643,9,7,149
nutrients,2072-6643,9,8,125
nutrients,2072-6643,9,9,127
nutrients,2072-6643,10,1,110
nutrients,2072-6643,10,2,149
nutrients,2072-6643,10,3,125
nutrients,2072-6643,10,4,142
nutrients,2072-6643,10,5,130
nutrients,2072-6643,10,6,141
nutrients,2072-6643,10,7,155
nutrients,2072-6643,10,8,175
nutrients,2072-6643,10,9,207
nutrients,2072-6643,11,1,209
nutrients,2072-6643,11,2,274
nutrients,2072-6643,11,3,224
nutrients,2072-6643,11,4,233
nutrients,2072-6643,11,5,254
nutrients,2072-6643,11,6,242
nutrients,2072-6643,11,7,264
nutrients,2072-6643,11,8,259
nutrients,2072-6643,11,9,300
nutrients,2072-6643,12,1,273
nutrients,2072-6643,12,2,318
nutrients,2072-6643,12,3,289
nutrients,2072-6643,12,4,323
nutrients,2072-6643,12,5,339
nutrients,2072-6643,12,6,359
nutrients,2072-6643,12,7,264
nutrients,2072-6643,12,8,324
nutrients,2072-6643,12,9,410
nutrients,2072-6643,13,1,280
nutrients,2072-6643,13,2,430
nutrients,2072-6643,13,3,332
nutrients,2072-6643,13,4,101
pathogens,2076-0817,4,1,9
pathogens,2076-0817,4,2,15
pathogens,2076-0817,4,3,17
pathogens,2076-0817,4,4,11
pathogens,2076-0817,5,1,33
pathogens,2076-0817,5,2,11
pathogens,2076-0817,5,3,14
pathogens,2076-0817,5,4,10
pathogens,2076-0817,6,1,13
pathogens,2076-0817,6,2,13
pathogens,2076-0817,6,3,18
pathogens,2076-0817,6,4,24
pathogens,2076-0817,7,1,32
pathogens,2076-0817,7,2,24
pathogens,2076-0817,7,3,19
pathogens,2076-0817,7,4,23
pathogens,2076-0817,8,1,41
pathogens,2076-0817,8,2,46
pathogens,2076-0817,8,3,70
pathogens,2076-0817,8,4,144
pathogens,2076-0817,9,1,70
pathogens,2076-0817,9,2,83
pathogens,2076-0817,9,3,88
pathogens,2076-0817,9,4,76
pathogens,2076-0817,9,5,95
pathogens,2076-0817,9,6,102
pathogens,2076-0817,9,7,82
pathogens,2076-0817,9,8,74
pathogens,2076-0817,9,9,105
pathogens,2076-0817,10,1,85
pathogens,2076-0817,10,2,168
pathogens,2076-0817,10,3,131
pathogens,2076-0817,10,4,21
pharmaceuticals,1424-8247,8,1,7
pharmaceuticals,1424-8247,8,2,14
pharmaceuticals,1424-8247,8,3,13
pharmaceuticals,1424-8247,8,4,11
pharmaceuticals,1424-8247,9,1,16
pharmaceuticals,1424-8247,9,2,17
pharmaceuticals,1424-8247,9,3,26
pharmaceuticals,1424-8247,9,4,20
pharmaceuticals,1424-8247,10,1,32
pharmaceuticals,1424-8247,10,2,25
pharmaceuticals,1424-8247,10,3,19
pharmaceuticals,1424-8247,10,4,21
pharmaceuticals,1424-8247,11,1,30
pharmaceuticals,1424-8247,11,2,30
pharmaceuticals,1424-8247,11,3,29
pharmaceuticals,1424-8247,11,4,49
pharmaceuticals,1424-8247,12,1,45
pharmaceuticals,1424-8247,12,2,54
pharmaceuticals,1424-8247,12,3,41
pharmaceuticals,1424-8247,12,4,46
pharmaceuticals,1424-8247,13,1,18
pharmaceuticals,1424-8247,13,2,15
pharmaceuticals,1424-8247,13,3,19
pharmaceuticals,1424-8247,13,4,26
pharmaceuticals,1424-8247,13,5,26
pharmaceuticals,1424-8247,13,6,31
pharmaceuticals,1424-8247,13,7,21
pharmaceuticals,1424-8247,13,8,44
pharmaceuticals,1424-8247,13,9,63
pharmaceuticals,1424-8247,14,1,74
pharmaceuticals,1424-8247,14,2,100
pharmaceuticals,1424-8247,14,3,112
pharmaceuticals,1424-8247,14,4,17
pharmaceutics,1999-4923,7,1,2
pharmaceutics,1999-4923,7,2,5
pharmaceutics,1999-4923,7,3,19
pharmaceutics,1999-4923,7,4,11
pharmaceutics,1999-4923,8,1,9
pharmaceutics,1999-4923,8,2,10
pharmaceutics,1999-4923,8,3,10
pharmaceutics,1999-4923,8,4,5
pharmaceutics,1999-4923,9,1,11
pharmaceutics,1999-4923,9,2,10
pharmaceutics,1999-4923,9,3,15
pharmaceutics,1999-4923,9,4,23
pharmaceutics,1999-4923,10,1,36
pharmaceutics,1999-4923,10,2,35
pharmaceutics,1999-4923,10,3,91
pharmaceutics,1999-4923,10,4,126
pharmaceutics,1999-4923,11,1,48
pharmaceutics,1999-4923,11,2,50
pharmaceutics,1999-4923,11,3,47
pharmaceutics,1999-4923,11,4,50
pharmaceutics,1999-4923,11,5,53
pharmaceutics,1999-4923,11,6,48
pharmaceutics,1999-4923,11,7,63
pharmaceutics,1999-4923,11,8,65
pharmaceutics,1999-4923,11,9,63
pharmaceutics,1999-4923,12,1,85
pharmaceutics,1999-4923,12,2,110
pharmaceutics,1999-4923,12,3,100
pharmaceutics,1999-4923,12,4,97
pharmaceutics,1999-4923,12,5,90
pharmaceutics,1999-4923,12,6,114
pharmaceutics,1999-4923,12,7,94
pharmaceutics,1999-4923,12,8,92
pharmaceutics,1999-4923,12,9,122
pharmaceutics,1999-4923,13,1,126
pharmaceutics,1999-4923,13,2,169
pharmaceutics,1999-4923,13,3,139
pharmaceutics,1999-4923,13,4,36
photonics,2304-6732,2,1,24
photonics,2304-6732,2,2,30
photonics,2304-6732,2,3,17
photonics,2304-6732,2,4,11
photonics,2304-6732,3,1,11
photonics,2304-6732,3,2,29
photonics,2304-6732,3,3,10
photonics,2304-6732,3,4,14
photonics,2304-6732,4,1,19
photonics,2304-6732,4,2,19
photonics,2304-6732,4,3,5
photonics,2304-6732,4,4,7
photonics,2304-6732,5,1,5
photonics,2304-6732,5,2,9
photonics,2304-6732,5,3,15
photonics,2304-6732,5,4,29
photonics,2304-6732,6,1,34
photonics,2304-6732,6,2,40
photonics,2304-6732,6,3,26
photonics,2304-6732,6,4,28
photonics,2304-6732,7,1,22
photonics,2304-6732,7,2,22
photonics,2304-6732,7,3,34
photonics,2304-6732,7,4,56
photonics,2304-6732,8,1,24
photonics,2304-6732,8,2,37
photonics,2304-6732,8,3,26
photonics,2304-6732,8,4,10
plants,2223-7747,4,1,7
plants,2223-7747,4,2,12
plants,2223-7747,4,3,16
plants,2223-7747,4,4,3
plants,2223-7747,5,1,15
plants,2223-7747,5,2,13
plants,2223-7747,5,3,10
plants,2223-7747,5,4,6
plants,2223-7747,6,1,14
plants,2223-7747,6,2,10
plants,2223-7747,6,3,17
plants,2223-7747,6,4,24
plants,2223-7747,7,1,23
plants,2223-7747,7,2,24
plants,2223-7747,7,3,28
plants,2223-7747,7,4,36
plants,2223-7747,8,1,24
plants,2223-7747,8,2,25
plants,2223-7747,8,3,28
plants,2223-7747,8,4,32
plants,2223-7747,8,5,30
plants,2223-7747,8,6,48
plants,2223-7747,8,7,57
plants,2223-7747,8,8,50
plants,2223-7747,8,9,60
plants,2223-7747,9,1,128
plants,2223-7747,9,2,158
plants,2223-7747,9,3,120
plants,2223-7747,9,4,144
plants,2223-7747,9,5,118
plants,2223-7747,9,6,134
plants,2223-7747,9,7,122
plants,2223-7747,9,8,129
plants,2223-7747,9,9,197
plants,2223-7747,10,1,185
plants,2223-7747,10,2,236
plants,2223-7747,10,3,189
plants,2223-7747,10,4,54
polymers,2073-4360,7,1,9
polymers,2073-4360,7,2,9
polymers,2073-4360,7,3,10
polymers,2073-4360,7,4,10
polymers,2073-4360,7,5,11
polymers,2073-4360,7,6,10
polymers,2073-4360,7,7,10
polymers,2073-4360,7,8,13
polymers,2073-4360,7,9,17
polymers,2073-4360,8,1,23
polymers,2073-4360,8,2,31
polymers,2073-4360,8,3,41
polymers,2073-4360,8,4,65
polymers,2073-4360,8,5,42
polymers,2073-4360,8,6,37
polymers,2073-4360,8,7,29
polymers,2073-4360,8,8,42
polymers,2073-4360,8,9,34
polymers,2073-4360,9,1,30
polymers,2073-4360,9,2,46
polymers,2073-4360,9,3,38
polymers,2073-4360,9,4,37
polymers,2073-4360,9,5,32
polymers,2073-4360,9,6,55
polymers,2073-4360,9,7,62
polymers,2073-4360,9,8,79
polymers,2073-4360,9,9,80
polymers,2073-4360,10,1,105
polymers,2073-4360,10,2,121
polymers,2073-4360,10,3,116
polymers,2073-4360,10,4,121
polymers,2073-4360,10,5,100
polymers,2073-4360,10,6,126
polymers,2073-4360,10,7,118
polymers,2073-4360,10,8,124
polymers,2073-4360,10,9,114
polymers,2073-4360,11,1,186
polymers,2073-4360,11,2,200
polymers,2073-4360,11,3,185
polymers,2073-4360,11,4,174
polymers,2073-4360,11,5,183
polymers,2073-4360,11,6,155
polymers,2073-4360,11,7,147
polymers,2073-4360,11,8,144
polymers,2073-4360,11,9,157
polymers,2073-4360,12,1,250
polymers,2073-4360,12,2,251
polymers,2073-4360,12,3,229
polymers,2073-4360,12,4,265
polymers,2073-4360,12,5,211
polymers,2073-4360,12,6,227
polymers,2073-4360,12,7,191
polymers,2073-4360,12,8,230
polymers,2073-4360,12,9,316
polymers,2073-4360,13,1,169
polymers,2073-4360,13,2,144
polymers,2073-4360,13,3,165
polymers,2073-4360,13,4,193
polymers,2073-4360,13,5,172
polymers,2073-4360,13,6,146
polymers,2073-4360,13,7,115
processes,2227-9717,3,1,14
processes,2227-9717,3,2,12
processes,2227-9717,3,3,12
processes,2227-9717,3,4,4
processes,2227-9717,4,1,7
processes,2227-9717,4,2,12
processes,2227-9717,4,3,14
processes,2227-9717,4,4,22
processes,2227-9717,5,1,13
processes,2227-9717,5,2,19
processes,2227-9717,5,3,19
processes,2227-9717,5,4,35
processes,2227-9717,6,1,8
processes,2227-9717,6,2,10
processes,2227-9717,6,3,7
processes,2227-9717,6,4,12
processes,2227-9717,6,5,24
processes,2227-9717,6,6,11
processes,2227-9717,6,7,24
processes,2227-9717,6,8,38
processes,2227-9717,6,9,38
processes,2227-9717,7,1,54
processes,2227-9717,7,2,64
processes,2227-9717,7,3,59
processes,2227-9717,7,4,64
processes,2227-9717,7,5,75
processes,2227-9717,7,6,76
processes,2227-9717,7,7,83
processes,2227-9717,7,8,72
processes,2227-9717,7,9,91
processes,2227-9717,8,1,125
processes,2227-9717,8,2,130
processes,2227-9717,8,3,123
processes,2227-9717,8,4,119
processes,2227-9717,8,5,136
processes,2227-9717,8,6,113
processes,2227-9717,8,7,134
processes,2227-9717,8,8,126
processes,2227-9717,8,9,193
processes,2227-9717,9,1,185
processes,2227-9717,9,2,218
processes,2227-9717,9,3,165
processes,2227-9717,9,4,39
remotesensing,2072-4292,7,1,56
remotesensing,2072-4292,7,2,48
remotesensing,2072-4292,7,3,50
remotesensing,2072-4292,7,4,70
remotesensing,2072-4292,7,5,67
remotesensing,2072-4292,7,6,75
remotesensing,2072-4292,7,7,55
remotesensing,2072-4292,7,8,69
remotesensing,2072-4292,7,9,73
remotesensing,2072-4292,8,1,80
remotesensing,2072-4292,8,2,83
remotesensing,2072-4292,8,3,104
remotesensing,2072-4292,8,4,89
remotesensing,2072-4292,8,5,84
remotesensing,2072-4292,8,6,90
remotesensing,2072-4292,8,7,83
remotesensing,2072-4292,8,8,77
remotesensing,2072-4292,8,9,96
remotesensing,2072-4292,9,1,98
remotesensing,2072-4292,9,2,86
remotesensing,2072-4292,9,3,115
remotesensing,2072-4292,9,4,96
remotesensing,2072-4292,9,5,112
remotesensing,2072-4292,9,6,128
remotesensing,2072-4292,9,7,125
remotesensing,2072-4292,9,8,108
remotesensing,2072-4292,9,9,100
remotesensing,2072-4292,10,1,153
remotesensing,2072-4292,10,2,201
remotesensing,2072-4292,10,3,134
remotesensing,2072-4292,10,4,170
remotesensing,2072-4292,10,5,148
remotesensing,2072-4292,10,6,171
remotesensing,2072-4292,10,7,187
remotesensing,2072-4292,10,8,156
remotesensing,2072-4292,10,9,180
remotesensing,2072-4292,11,1,102
remotesensing,2072-4292,11,2,110
remotesensing,2072-4292,11,3,158
remotesensing,2072-4292,11,4,102
remotesensing,2072-4292,11,5,129
remotesensing,2072-4292,11,6,134
remotesensing,2072-4292,11,7,155
remotesensing,2072-4292,11,8,102
remotesensing,2072-4292,11,9,150
remotesensing,2072-4292,12,1,201
remotesensing,2072-4292,12,2,140
remotesensing,2072-4292,12,3,248
remotesensing,2072-4292,12,4,156
remotesensing,2072-4292,12,5,153
remotesensing,2072-4292,12,6,152
remotesensing,2072-4292,12,7,177
remotesensing,2072-4292,12,8,126
remotesensing,2072-4292,12,9,180
remotesensing,2072-4292,13,1,158
remotesensing,2072-4292,13,2,172
remotesensing,2072-4292,13,3,208
remotesensing,2072-4292,13,4,292
remotesensing,2072-4292,13,5,214
remotesensing,2072-4292,13,6,183
remotesensing,2072-4292,13,7,95
sensors,1424-8220,15,1,121
sensors,1424-8220,15,2,125
sensors,1424-8220,15,3,121
sensors,1424-8220,15,4,131
sensors,1424-8220,15,5,130
sensors,1424-8220,15,6,135
sensors,1424-8220,15,7,152
sensors,1424-8220,15,8,158
sensors,1424-8220,15,9,183
sensors,1424-8220,16,1,139
sensors,1424-8220,16,2,128
sensors,1424-8220,16,3,152
sensors,1424-8220,16,4,171
sensors,1424-8220,16,5,161
sensors,1424-8220,16,6,190
sensors,1424-8220,16,7,208
sensors,1424-8220,16,8,188
sensors,1424-8220,16,9,206
sensors,1424-8220,17,1,216
sensors,1424-8220,17,2,210
sensors,1424-8220,17,3,233
sensors,1424-8220,17,4,280
sensors,1424-8220,17,5,245
sensors,1424-8220,17,6,277
sensors,1424-8220,17,7,236
sensors,1424-8220,17,8,233
sensors,1424-8220,17,9,228
sensors,1424-8220,18,1,317
sensors,1424-8220,18,2,362
sensors,1424-8220,18,3,249
sensors,1424-8220,18,4,373
sensors,1424-8220,18,5,365
sensors,1424-8220,18,6,312
sensors,1424-8220,18,7,422
sensors,1424-8220,18,8,341
sensors,1424-8220,18,9,431
sensors,1424-8220,19,1,217
sensors,1424-8220,19,2,220
sensors,1424-8220,19,3,312
sensors,1424-8220,19,4,232
sensors,1424-8220,19,5,281
sensors,1424-8220,19,6,219
sensors,1424-8220,19,7,265
sensors,1424-8220,19,8,210
sensors,1424-8220,19,9,257
sensors,1424-8220,20,1,325
sensors,1424-8220,20,2,251
sensors,1424-8220,20,3,373
sensors,1424-8220,20,4,289
sensors,1424-8220,20,5,303
sensors,1424-8220,20,6,263
sensors,1424-8220,20,7,354
sensors,1424-8220,20,8,278
sensors,1424-8220,20,9,310
sensors,1424-8220,21,1,320
sensors,1424-8220,21,2,353
sensors,1424-8220,21,3,347
sensors,1424-8220,21,4,534
sensors,1424-8220,21,5,372
sensors,1424-8220,21,6,328
sensors,1424-8220,21,7,144
sustainability,2071-1050,7,1,53
sustainability,2071-1050,7,2,61
sustainability,2071-1050,7,3,61
sustainability,2071-1050,7,4,66
sustainability,2071-1050,7,5,75
sustainability,2071-1050,7,6,80
sustainability,2071-1050,7,7,82
sustainability,2071-1050,7,8,81
sustainability,2071-1050,7,9,81
sustainability,2071-1050,8,1,101
sustainability,2071-1050,8,2,91
sustainability,2071-1050,8,3,98
sustainability,2071-1050,8,4,116
sustainability,2071-1050,8,5,94
sustainability,2071-1050,8,6,89
sustainability,2071-1050,8,7,109
sustainability,2071-1050,8,8,130
sustainability,2071-1050,8,9,132
sustainability,2071-1050,9,1,158
sustainability,2071-1050,9,2,165
sustainability,2071-1050,9,3,154
sustainability,2071-1050,9,4,197
sustainability,2071-1050,9,5,194
sustainability,2071-1050,9,6,202
sustainability,2071-1050,9,7,214
sustainability,2071-1050,9,8,208
sustainability,2071-1050,9,9,176
sustainability,2071-1050,10,1,277
sustainability,2071-1050,10,2,296
sustainability,2071-1050,10,3,323
sustainability,2071-1050,10,4,408
sustainability,2071-1050,10,5,384
sustainability,2071-1050,10,6,421
sustainability,2071-1050,10,7,475
sustainability,2071-1050,10,8,373
sustainability,2071-1050,10,9,401
sustainability,2071-1050,11,1,296
sustainability,2071-1050,11,2,259
sustainability,2071-1050,11,3,385
sustainability,2071-1050,11,4,276
sustainability,2071-1050,11,5,289
sustainability,2071-1050,11,6,318
sustainability,2071-1050,11,7,364
sustainability,2071-1050,11,8,265
sustainability,2071-1050,11,9,265
sustainability,2071-1050,12,1,442
sustainability,2071-1050,12,2,309
sustainability,2071-1050,12,3,531
sustainability,2071-1050,12,4,417
sustainability,2071-1050,12,5,454
sustainability,2071-1050,12,6,422
sustainability,2071-1050,12,7,492
sustainability,2071-1050,12,8,434
sustainability,2071-1050,12,9,441
sustainability,2071-1050,13,1,440
sustainability,2071-1050,13,2,570
sustainability,2071-1050,13,3,582
sustainability,2071-1050,13,4,826
sustainability,2071-1050,13,5,581
sustainability,2071-1050,13,6,589
sustainability,2071-1050,13,7,230
symmetry,2073-8994,7,1,19
symmetry,2073-8994,7,2,41
symmetry,2073-8994,7,3,25
symmetry,2073-8994,7,4,30
symmetry,2073-8994,8,1,6
symmetry,2073-8994,8,2,2
symmetry,2073-8994,8,3,9
symmetry,2073-8994,8,4,11
symmetry,2073-8994,8,5,9
symmetry,2073-8994,8,6,15
symmetry,2073-8994,8,7,17
symmetry,2073-8994,8,8,13
symmetry,2073-8994,8,9,16
symmetry,2073-8994,9,1,18
symmetry,2073-8994,9,2,9
symmetry,2073-8994,9,3,19
symmetry,2073-8994,9,4,13
symmetry,2073-8994,9,5,19
symmetry,2073-8994,9,6,17
symmetry,2073-8994,9,7,31
symmetry,2073-8994,9,8,41
symmetry,2073-8994,9,9,30
symmetry,2073-8994,10,1,32
symmetry,2073-8994,10,2,19
symmetry,2073-8994,10,3,26
symmetry,2073-8994,10,4,50
symmetry,2073-8994,10,5,53
symmetry,2073-8994,10,6,50
symmetry,2073-8994,10,7,68
symmetry,2073-8994,10,8,56
symmetry,2073-8994,10,9,66
symmetry,2073-8994,11,1,122
symmetry,2073-8994,11,2,173
symmetry,2073-8994,11,3,146
symmetry,2073-8994,11,4,156
symmetry,2073-8994,11,5,128
symmetry,2073-8994,11,6,110
symmetry,2073-8994,11,7,112
symmetry,2073-8994,11,8,117
symmetry,2073-8994,11,9,122
symmetry,2073-8994,12,1,184
symmetry,2073-8994,12,2,140
symmetry,2073-8994,12,3,165
symmetry,2073-8994,12,4,193
symmetry,2073-8994,12,5,188
symmetry,2073-8994,12,6,188
symmetry,2073-8994,12,7,141
symmetry,2073-8994,12,8,181
symmetry,2073-8994,12,9,198
symmetry,2073-8994,13,1,154
symmetry,2073-8994,13,2,209
symmetry,2073-8994,13,3,161
symmetry,2073-8994,13,4,48
tomography,2379-139X,1,1,9
tomography,2379-139X,1,2,10
tomography,2379-139X,2,1,9
tomography,2379-139X,2,2,9
tomography,2379-139X,2,3,10
tomography,2379-139X,2,4,26
tomography,2379-139X,3,1,8
tomography,2379-139X,3,2,8
tomography,2379-139X,3,3,6
tomography,2379-139X,3,4,5
tomography,2379-139X,4,1,5
tomography,2379-139X,4,2,7
tomography,2379-139X,4,3,7
tomography,2379-139X,4,4,6
tomography,2379-139X,5,1,27
tomography,2379-139X,5,2,6
tomography,2379-139X,5,3,5
tomography,2379-139X,5,4,5
tomography,2379-139X,6,1,6
tomography,2379-139X,6,2,26
tomography,2379-139X,6,3,5
tomography,2379-139X,6,4,8
tomography,2379-139X,7,1,8
tomography,2379-139X,7,2,2
toxics,2305-6304,3,1,6
toxics,2305-6304,3,2,6
toxics,2305-6304,3,3,6
toxics,2305-6304,3,4,9
toxics,2305-6304,4,1,7
toxics,2305-6304,4,2,4
toxics,2305-6304,4,3,11
toxics,2305-6304,4,4,7
toxics,2305-6304,5,1,9
toxics,2305-6304,5,2,4
toxics,2305-6304,5,3,9
toxics,2305-6304,5,4,16
toxics,2305-6304,6,1,18
toxics,2305-6304,6,2,15
toxics,2305-6304,6,3,23
toxics,2305-6304,6,4,15
toxics,2305-6304,7,1,18
toxics,2305-6304,7,2,18
toxics,2305-6304,7,3,12
toxics,2305-6304,7,4,17
toxics,2305-6304,8,1,20
toxics,2305-6304,8,2,25
toxics,2305-6304,8,3,32
toxics,2305-6304,8,4,49
toxics,2305-6304,9,1,16
toxics,2305-6304,9,2,25
toxics,2305-6304,9,3,27
toxics,2305-6304,9,4,2
toxins,2072-6651,7,1,15
toxins,2072-6651,7,2,26
toxins,2072-6651,7,3,24
toxins,2072-6651,7,4,22
toxins,2072-6651,7,5,24
toxins,2072-6651,7,6,27
toxins,2072-6651,7,7,22
toxins,2072-6651,7,8,37
toxins,2072-6651,7,9,29
toxins,2072-6651,8,1,31
toxins,2072-6651,8,2,22
toxins,2072-6651,8,3,31
toxins,2072-6651,8,4,34
toxins,2072-6651,8,5,38
toxins,2072-6651,8,6,33
toxins,2072-6651,8,7,36
toxins,2072-6651,8,8,19
toxins,2072-6651,8,9,23
toxins,2072-6651,9,1,42
toxins,2072-6651,9,2,30
toxins,2072-6651,9,3,37
toxins,2072-6651,9,4,38
toxins,2072-6651,9,5,26
toxins,2072-6651,9,6,21
toxins,2072-6651,9,7,37
toxins,2072-6651,9,8,22
toxins,2072-6651,9,9,38
toxins,2072-6651,10,1,48
toxins,2072-6651,10,2,43
toxins,2072-6651,10,3,37
toxins,2072-6651,10,4,41
toxins,2072-6651,10,5,43
toxins,2072-6651,10,6,40
toxins,2072-6651,10,7,52
toxins,2072-6651,10,8,32
toxins,2072-6651,10,9,43
toxins,2072-6651,11,1,58
toxins,2072-6651,11,2,74
toxins,2072-6651,11,3,50
toxins,2072-6651,11,4,55
toxins,2072-6651,11,5,66
toxins,2072-6651,11,6,68
toxins,2072-6651,11,7,60
toxins,2072-6651,11,8,50
toxins,2072-6651,11,9,67
toxins,2072-6651,12,1,60
toxins,2072-6651,12,2,79
toxins,2072-6651,12,3,67
toxins,2072-6651,12,4,69
toxins,2072-6651,12,5,72
toxins,2072-6651,12,6,76
toxins,2072-6651,12,7,43
toxins,2072-6651,12,8,61
toxins,2072-6651,12,9,81
toxins,2072-6651,13,1,72
toxins,2072-6651,13,2,100
toxins,2072-6651,13,3,60
toxins,2072-6651,13,4,14
universe,2218-1997,1,1,6
universe,2218-1997,1,2,8
universe,2218-1997,1,3,5
universe,2218-1997,2,1,6
universe,2218-1997,2,2,7
universe,2218-1997,2,3,9
universe,2218-1997,2,4,11
universe,2218-1997,3,1,27
universe,2218-1997,3,2,24
universe,2218-1997,3,3,15
universe,2218-1997,3,4,19
universe,2218-1997,4,1,19
universe,2218-1997,4,2,23
universe,2218-1997,4,3,15
universe,2218-1997,4,4,4
universe,2218-1997,4,5,5
universe,2218-1997,4,6,7
universe,2218-1997,4,7,8
universe,2218-1997,4,8,9
universe,2218-1997,4,9,7
universe,2218-1997,5,1,39
universe,2218-1997,5,2,27
universe,2218-1997,5,3,20
universe,2218-1997,5,4,9
universe,2218-1997,5,5,37
universe,2218-1997,5,6,26
universe,2218-1997,5,7,19
universe,2218-1997,5,8,12
universe,2218-1997,5,9,13
universe,2218-1997,6,1,19
universe,2218-1997,6,2,16
universe,2218-1997,6,3,12
universe,2218-1997,6,4,13
universe,2218-1997,6,5,10
universe,2218-1997,6,6,17
universe,2218-1997,6,7,12
universe,2218-1997,6,8,28
universe,2218-1997,6,9,29
universe,2218-1997,7,1,20
universe,2218-1997,7,2,25
universe,2218-1997,7,3,31
universe,2218-1997,7,4,6
vaccines,2076-393X,3,1,10
vaccines,2076-393X,3,2,14
vaccines,2076-393X,3,3,15
vaccines,2076-393X,3,4,12
vaccines,2076-393X,4,1,7
vaccines,2076-393X,4,2,14
vaccines,2076-393X,4,3,11
vaccines,2076-393X,4,4,16
vaccines,2076-393X,5,1,8
vaccines,2076-393X,5,2,7
vaccines,2076-393X,5,3,15
vaccines,2076-393X,5,4,21
vaccines,2076-393X,6,1,16
vaccines,2076-393X,6,2,18
vaccines,2076-393X,6,3,31
vaccines,2076-393X,6,4,19
vaccines,2076-393X,7,1,33
vaccines,2076-393X,7,2,23
vaccines,2076-393X,7,3,65
vaccines,2076-393X,7,4,96
vaccines,2076-393X,8,1,144
vaccines,2076-393X,8,2,196
vaccines,2076-393X,8,3,216
vaccines,2076-393X,8,4,228
vaccines,2076-393X,9,1,66
vaccines,2076-393X,9,2,120
vaccines,2076-393X,9,3,117
vaccines,2076-393X,9,4,13
viruses,1999-4915,7,1,22
viruses,1999-4915,7,2,22
viruses,1999-4915,7,3,34
viruses,1999-4915,7,4,31
viruses,1999-4915,7,5,27
viruses,1999-4915,7,6,30
viruses,1999-4915,7,7,40
viruses,1999-4915,7,8,33
viruses,1999-4915,7,9,18
viruses,1999-4915,8,1,26
viruses,1999-4915,8,2,29
viruses,1999-4915,8,3,31
viruses,1999-4915,8,4,29
viruses,1999-4915,8,5,33
viruses,1999-4915,8,6,30
viruses,1999-4915,8,7,29
viruses,1999-4915,8,8,33
viruses,1999-4915,8,9,21
viruses,1999-4915,9,1,24
viruses,1999-4915,9,2,13
viruses,1999-4915,9,3,24
viruses,1999-4915,9,4,31
viruses,1999-4915,9,5,32
viruses,1999-4915,9,6,33
viruses,1999-4915,9,7,36
viruses,1999-4915,9,8,41
viruses,1999-4915,9,9,28
viruses,1999-4915,10,1,50
viruses,1999-4915,10,2,48
viruses,1999-4915,10,3,41
viruses,1999-4915,10,4,76
viruses,1999-4915,10,5,62
viruses,1999-4915,10,6,61
viruses,1999-4915,10,7,51
viruses,1999-4915,10,8,57
viruses,1999-4915,10,9,66
viruses,1999-4915,11,1,90
viruses,1999-4915,11,2,107
viruses,1999-4915,11,3,106
viruses,1999-4915,11,4,86
viruses,1999-4915,11,5,93
viruses,1999-4915,11,6,96
viruses,1999-4915,11,7,97
viruses,1999-4915,11,8,91
viruses,1999-4915,11,9,113
viruses,1999-4915,12,1,125
viruses,1999-4915,12,2,126
viruses,1999-4915,12,3,107
viruses,1999-4915,12,4,125
viruses,1999-4915,12,5,98
viruses,1999-4915,12,6,110
viruses,1999-4915,12,7,94
viruses,1999-4915,12,8,119
viruses,1999-4915,12,9,154
viruses,1999-4915,13,1,142
viruses,1999-4915,13,2,213
viruses,1999-4915,13,3,177
viruses,1999-4915,13,4,51
water,2073-4441,7,1,21
water,2073-4441,7,2,25
water,2073-4441,7,3,26
water,2073-4441,7,4,23
water,2073-4441,7,5,39
water,2073-4441,7,6,34
water,2073-4441,7,7,33
water,2073-4441,7,8,31
water,2073-4441,7,9,31
water,2073-4441,8,1,33
water,2073-4441,8,2,34
water,2073-4441,8,3,42
water,2073-4441,8,4,60
water,2073-4441,8,5,47
water,2073-4441,8,6,51
water,2073-4441,8,7,44
water,2073-4441,8,8,49
water,2073-4441,8,9,55
water,2073-4441,9,1,69
water,2073-4441,9,2,80
water,2073-4441,9,3,81
water,2073-4441,9,4,69
water,2073-4441,9,5,63
water,2073-4441,9,6,87
water,2073-4441,9,7,104
water,2073-4441,9,8,73
water,2073-4441,9,9,97
water,2073-4441,10,1,90
water,2073-4441,10,2,145
water,2073-4441,10,3,111
water,2073-4441,10,4,188
water,2073-4441,10,5,135
water,2073-4441,10,6,148
water,2073-4441,10,7,149
water,2073-4441,10,8,142
water,2073-4441,10,9,177
water,2073-4441,11,1,181
water,2073-4441,11,2,220
water,2073-4441,11,3,229
water,2073-4441,11,4,240
water,2073-4441,11,5,242
water,2073-4441,11,6,203
water,2073-4441,11,7,210
water,2073-4441,11,8,212
water,2073-4441,11,9,218
water,2073-4441,12,1,308
water,2073-4441,12,2,307
water,2073-4441,12,3,308
water,2073-4441,12,4,298
water,2073-4441,12,5,292
water,2073-4441,12,6,328
water,2073-4441,12,7,232
water,2073-4441,12,8,243
water,2073-4441,12,9,336
water,2073-4441,13,1,109
water,2073-4441,13,2,135
water,2073-4441,13,3,146
water,2073-4441,13,4,188
water,2073-4441,13,5,166
water,2073-4441,13,6,137
water,2073-4441,13,7,68
