journal,year,accepted,rejected,rejection_rate,IF,citations,citable_items
jfb,2013,15,3,0.16666666666666666,NA,NA,NA
jfb,2014,20,6,0.23076923076923078,NA,NA,NA
jfb,2015,60,18,0.23076923076923078,NA,NA,NA
jfb,2016,34,14,0.2916666666666667,NA,NA,NA
jfb,2017,53,10,0.15873015873015872,NA,NA,NA
jfb,2018,74,34,0.3148148148148148,NA,NA,NA
jfb,2019,56,39,0.4105263157894737,NA,NA,NA
jfb,2020,87,65,0.4276315789473684,NA,NA,NA
jfb,2021,76,39,0.3391304347826087,NA,NA,NA
jfb,2022,330,254,0.4349315068493151,NA,NA,NA
jfb,2023,58,43,0.42574257425742573,NA,NA,NA
drones,2017,7,6,0.46153846153846156,NA,NA,NA
drones,2018,46,51,0.5257731958762887,NA,NA,NA
drones,2019,82,36,0.3050847457627119,NA,NA,NA
drones,2020,81,29,0.2636363636363636,NA,NA,NA
drones,2021,158,110,0.41044776119402987,NA,NA,NA
drones,2022,451,384,0.4598802395209581,NA,NA,NA
drones,2023,70,107,0.6045197740112994,NA,NA,NA
batteries,2015,7,5,0.4166666666666667,NA,NA,NA
batteries,2016,37,13,0.26,NA,NA,NA
batteries,2017,42,20,0.3225806451612903,NA,NA,NA
batteries,2018,71,33,0.3173076923076923,NA,NA,NA
batteries,2019,76,16,0.17391304347826086,NA,NA,NA
batteries,2020,62,22,0.2619047619047619,NA,NA,NA
batteries,2021,86,31,0.26495726495726496,NA,NA,NA
batteries,2022,324,102,0.23943661971830985,NA,NA,NA
batteries,2023,66,34,0.34,NA,NA,NA
fishes,2015,1,3,0.75,NA,NA,NA
fishes,2016,3,17,0.85,NA,NA,NA
fishes,2017,22,38,0.6333333333333333,NA,NA,NA
fishes,2018,49,62,0.5585585585585585,NA,NA,NA
fishes,2019,64,67,0.5114503816793893,NA,NA,NA
fishes,2020,33,39,0.5416666666666666,2.385,289,36
fishes,2021,91,135,0.5973451327433629,3.170,547,80
fishes,2022,420,363,0.46360153256704983,NA,NA,NA
fishes,2023,58,57,0.4956521739130435,NA,NA,NA
systems,2013,5,10,0.6666666666666666,NA,NA,NA
systems,2014,31,8,0.20512820512820512,NA,NA,NA
systems,2015,21,32,0.6037735849056604,NA,NA,NA
systems,2016,37,62,0.6262626262626263,NA,NA,NA
systems,2017,54,34,0.38636363636363635,NA,NA,NA
systems,2018,46,57,0.5533980582524272,NA,NA,NA
systems,2019,55,58,0.5132743362831859,NA,NA,NA
systems,2020,56,58,0.5087719298245614,NA,NA,NA
systems,2021,94,99,0.5129533678756477,NA,NA,NA
systems,2022,278,713,0.7194752774974773,NA,NA,NA
systems,2023,53,137,0.7210526315789474,NA,NA,NA
magnetochemistry,2015,9,1,0.1,NA,NA,NA
magnetochemistry,2016,46,4,0.08,NA,NA,NA
magnetochemistry,2017,44,7,0.13725490196078433,NA,NA,NA
magnetochemistry,2018,57,26,0.3132530120481928,NA,NA,NA
magnetochemistry,2019,68,10,0.1282051282051282,1.947,441,64
magnetochemistry,2020,78,13,0.14285714285714285,2.193,656,70
magnetochemistry,2021,162,27,0.14285714285714285,3.336,988,155
magnetochemistry,2022,199,55,0.21653543307086615,NA,NA,NA
magnetochemistry,2023,30,7,0.1891891891891892,NA,NA,NA
jtaer,2020,59,106,0.6424242424242425,3.049,502,20
jtaer,2021,153,1016,0.8691189050470488,5.318,1022,181
jtaer,2022,91,1116,0.9246064623032312,NA,NA,NA
jtaer,2023,8,130,0.9420289855072463,NA,NA,NA
biomimetics,2016,7,8,0.5333333333333333,NA,NA,NA
biomimetics,2017,25,5,0.16666666666666666,NA,NA,NA
biomimetics,2018,39,28,0.417910447761194,NA,NA,NA
biomimetics,2019,79,41,0.3416666666666667,NA,NA,NA
biomimetics,2020,70,34,0.3269230769230769,NA,NA,NA
biomimetics,2021,76,36,0.32142857142857145,NA,NA,NA
biomimetics,2022,255,84,0.24778761061946902,NA,NA,NA
biomimetics,2023,45,16,0.26229508196721313,NA,NA,NA
fire,2017,3,NA,NA,NA,NA,NA
fire,2018,51,19,0.2714285714285714,NA,NA,NA
fire,2019,61,37,0.37755102040816324,NA,NA,NA
fire,2020,71,25,0.2604166666666667,NA,NA,NA
fire,2021,101,74,0.4228571428571429,NA,NA,NA
fire,2022,227,118,0.34202898550724636,NA,NA,NA
fire,2023,37,19,0.3392857142857143,NA,NA,NA
tomography,2021,84,61,0.4206896551724138,3.000,737,76
tomography,2022,252,127,0.33509234828496043,NA,NA,NA
tomography,2023,18,12,0.4,NA,NA,NA
jintelligence,2013,3,5,0.625,NA,NA,NA
jintelligence,2014,19,10,0.3448275862068966,NA,NA,NA
jintelligence,2015,13,12,0.48,NA,NA,NA
jintelligence,2016,17,11,0.39285714285714285,NA,NA,NA
jintelligence,2017,34,31,0.47692307692307695,NA,NA,NA
jintelligence,2018,53,38,0.4175824175824176,NA,NA,NA
jintelligence,2019,27,26,0.49056603773584906,NA,NA,NA
jintelligence,2020,43,33,0.4342105263157895,NA,NA,NA
jintelligence,2021,63,108,0.631578947368421,NA,NA,NA
jintelligence,2022,134,304,0.6940639269406392,NA,NA,NA
jintelligence,2023,21,53,0.7162162162162162,NA,NA,NA
actuators,2013,9,10,0.5263157894736842,NA,NA,NA
actuators,2014,15,10,0.4,NA,NA,NA
actuators,2015,24,20,0.45454545454545453,NA,NA,NA
actuators,2016,25,19,0.4318181818181818,NA,NA,NA
actuators,2017,33,19,0.36538461538461536,NA,NA,NA
actuators,2018,92,27,0.226890756302521,NA,NA,NA
actuators,2019,78,36,0.3157894736842105,1.957,455,76
actuators,2020,147,135,0.4787234042553192,1.994,734,140
actuators,2021,338,273,0.44680851063829785,2.523,1335,330
actuators,2022,390,324,0.453781512605042,NA,NA,NA
actuators,2023,45,45,0.5,NA,NA,NA
aerospace,2013,3,8,0.7272727272727273,NA,NA,NA
aerospace,2014,6,12,0.6666666666666666,NA,NA,NA
aerospace,2015,28,28,0.5,NA,NA,NA
aerospace,2016,46,53,0.5353535353535354,NA,NA,NA
aerospace,2017,61,84,0.5793103448275863,NA,NA,NA
aerospace,2018,130,87,0.4009216589861751,NA,NA,NA
aerospace,2019,134,120,0.47244094488188976,NA,NA,NA
aerospace,2020,191,149,0.43823529411764706,1.659,738,175
aerospace,2021,413,331,0.44489247311827956,2.660,1607,384
aerospace,2022,863,826,0.48904677323860274,NA,NA,NA
aerospace,2023,102,93,0.47692307692307695,NA,NA,NA
agriculture,2013,45,59,0.5673076923076923,NA,NA,NA
agriculture,2014,19,50,0.7246376811594203,NA,NA,NA
agriculture,2015,69,90,0.5660377358490566,NA,NA,NA
agriculture,2016,65,108,0.6242774566473989,NA,NA,NA
agriculture,2017,105,150,0.5882352941176471,NA,NA,NA
agriculture,2018,204,330,0.6179775280898876,NA,NA,NA
agriculture,2019,269,708,0.7246673490276356,2.072,1415,260
agriculture,2020,664,1614,0.7085162423178226,2.925,2828,648
agriculture,2021,1327,2469,0.6504214963119073,3.408,6136,1265
agriculture,2022,2248,3460,0.606166783461808,NA,NA,NA
agriculture,2023,236,296,0.556390977443609,NA,NA,NA
agronomy,2013,46,31,0.4025974025974026,NA,NA,NA
agronomy,2014,34,17,0.3333333333333333,NA,NA,NA
agronomy,2015,35,36,0.5070422535211268,NA,NA,NA
agronomy,2016,62,52,0.45614035087719296,NA,NA,NA
agronomy,2017,89,90,0.5027932960893855,1.419,535,85
agronomy,2018,318,475,0.5989911727616646,2.259,932,303
agronomy,2019,937,1564,0.6253498600559776,2.603,2209,886
agronomy,2020,2043,2303,0.5299125632765762,3.417,7099,1994
agronomy,2021,2622,2509,0.4889885012668096,3.949,16684,2514
agronomy,2022,3266,3055,0.48330960291093183,NA,NA,NA
agronomy,2023,295,293,0.49829931972789115,NA,NA,NA
animals,2013,69,26,0.2736842105263158,NA,NA,NA
animals,2014,51,17,0.25,NA,NA,NA
animals,2015,79,29,0.26851851851851855,NA,NA,NA
animals,2016,79,26,0.24761904761904763,NA,NA,NA
animals,2017,103,50,0.32679738562091504,1.654,301,99
animals,2018,250,245,0.494949494949495,1.832,1036,235
animals,2019,1228,997,0.44808988764044944,2.323,2181,1143
animals,2020,2448,2355,0.49031855090568394,2.752,6875,2422
animals,2021,3638,2614,0.4181062060140755,3.231,16466,3534
animals,2022,3666,2718,0.4257518796992481,NA,NA,NA
animals,2023,338,276,0.4495114006514658,NA,NA,NA
antibiotics,2013,32,9,0.21951219512195122,NA,NA,NA
antibiotics,2014,44,10,0.18518518518518517,NA,NA,NA
antibiotics,2015,40,22,0.3548387096774194,NA,NA,NA
antibiotics,2016,37,23,0.38333333333333336,NA,NA,NA
antibiotics,2017,42,33,0.44,NA,NA,NA
antibiotics,2018,112,48,0.3,2.921,701,111
antibiotics,2019,281,156,0.35697940503432496,3.893,1357,257
antibiotics,2020,947,526,0.35709436524100474,4.639,3730,908
antibiotics,2021,1581,693,0.30474934036939316,5.222,9403,1519
antibiotics,2022,1872,974,0.3422347153900211,NA,NA,NA
antibiotics,2023,204,125,0.3799392097264438,NA,NA,NA
antioxidants,2013,31,59,0.6555555555555556,NA,NA,NA
antioxidants,2014,54,73,0.5748031496062992,NA,NA,NA
antioxidants,2015,46,46,0.5,NA,NA,NA
antioxidants,2016,51,50,0.49504950495049505,NA,NA,NA
antioxidants,2017,105,49,0.3181818181818182,NA,NA,NA
antioxidants,2018,200,94,0.3197278911564626,4.520,882,186
antioxidants,2019,680,778,0.53360768175583,5.014,2568,632
antioxidants,2020,1318,2022,0.6053892215568862,6.313,9078,1283
antioxidants,2021,2093,1963,0.483974358974359,7.675,21453,1953
antioxidants,2022,2503,2657,0.514922480620155,NA,NA,NA
antioxidants,2023,235,299,0.5599250936329588,NA,NA,NA
applsci,2012,56,12,0.17647058823529413,NA,NA,NA
applsci,2013,40,41,0.5061728395061729,NA,NA,NA
applsci,2014,36,33,0.4782608695652174,NA,NA,NA
applsci,2015,132,526,0.7993920972644377,NA,NA,NA
applsci,2016,472,1542,0.7656405163853028,1.679,591,436
applsci,2017,1331,3035,0.6951442968392121,1.689,1955,1313
applsci,2018,2788,6263,0.6919677383714506,2.217,5955,2672
applsci,2019,5767,11389,0.663849382140359,2.474,14639,5186
applsci,2020,9196,13320,0.5915793213714692,2.679,34144,9008
applsci,2021,12218,9602,0.44005499541704857,2.838,63761,11798
applsci,2022,13229,9985,0.4301283708107177,NA,NA,NA
applsci,2023,1289,1063,0.45195578231292516,NA,NA,NA
atmosphere,2013,27,17,0.38636363636363635,NA,NA,NA
atmosphere,2014,56,61,0.5213675213675214,NA,NA,NA
atmosphere,2015,104,134,0.5630252100840336,NA,NA,NA
atmosphere,2016,161,185,0.5346820809248555,1.487,501,158
atmosphere,2017,260,348,0.5723684210526315,1.704,792,256
atmosphere,2018,509,481,0.4858585858585859,2.046,1748,488
atmosphere,2019,861,892,0.5088419851682829,2.397,3218,803
atmosphere,2020,1391,1121,0.4462579617834395,2.686,6513,1358
atmosphere,2021,1721,899,0.3431297709923664,3.110,11759,1657
atmosphere,2022,2153,1039,0.32550125313283207,NA,NA,NA
atmosphere,2023,196,105,0.3488372093023256,NA,NA,NA
axioms,2013,25,15,0.375,NA,NA,NA
axioms,2014,25,9,0.2647058823529412,NA,NA,NA
axioms,2015,30,19,0.3877551020408163,NA,NA,NA
axioms,2016,28,25,0.4716981132075472,NA,NA,NA
axioms,2017,36,25,0.4098360655737705,NA,NA,NA
axioms,2018,97,147,0.6024590163934426,NA,NA,NA
axioms,2019,141,153,0.5204081632653061,NA,NA,NA
axioms,2020,142,127,0.4721189591078067,NA,NA,NA
axioms,2021,363,370,0.504774897680764,NA,NA,NA
axioms,2022,773,1115,0.590572033898305,NA,NA,NA
axioms,2023,105,191,0.6452702702702703,NA,NA,NA
behavsci,2013,42,19,0.3114754098360656,NA,NA,NA
behavsci,2014,33,33,0.5,NA,NA,NA
behavsci,2015,35,42,0.5454545454545454,NA,NA,NA
behavsci,2016,30,34,0.53125,NA,NA,NA
behavsci,2017,87,72,0.4528301886792453,NA,NA,NA
behavsci,2018,117,112,0.4890829694323144,NA,NA,NA
behavsci,2019,178,318,0.6411290322580645,NA,NA,NA
behavsci,2020,174,349,0.6673040152963671,NA,NA,NA
behavsci,2021,187,373,0.6660714285714285,NA,NA,NA
behavsci,2022,549,1398,0.7180277349768875,NA,NA,NA
behavsci,2023,80,252,0.7590361445783133,NA,NA,NA
bioengineering,2013,4,3,0.42857142857142855,NA,NA,NA
bioengineering,2014,12,17,0.5862068965517241,NA,NA,NA
bioengineering,2015,17,41,0.7068965517241379,NA,NA,NA
bioengineering,2016,33,66,0.6666666666666666,NA,NA,NA
bioengineering,2017,98,70,0.4166666666666667,NA,NA,NA
bioengineering,2018,113,69,0.3791208791208791,NA,NA,NA
bioengineering,2019,117,58,0.3314285714285714,NA,NA,NA
bioengineering,2020,163,122,0.4280701754385965,NA,NA,NA
bioengineering,2021,231,168,0.42105263157894735,NA,NA,NA
bioengineering,2022,863,764,0.4695759065765212,NA,NA,NA
bioengineering,2023,127,136,0.5171102661596958,NA,NA,NA
biology,2013,67,48,0.41739130434782606,NA,NA,NA
biology,2014,48,29,0.37662337662337664,NA,NA,NA
biology,2015,48,40,0.45454545454545453,NA,NA,NA
biology,2016,54,47,0.46534653465346537,NA,NA,NA
biology,2017,51,66,0.5641025641025641,NA,NA,NA
biology,2018,49,95,0.6597222222222222,NA,NA,NA
biology,2019,101,214,0.6793650793650794,3.796,1424,88
biology,2020,499,787,0.6119751166407466,5.079,2726,478
biology,2021,1393,1800,0.563733166301284,5.168,6091,1317
biology,2022,1875,1739,0.48118428334255675,NA,NA,NA
biology,2023,154,157,0.5048231511254019,NA,NA,NA
biomedicines,2013,4,8,0.6666666666666666,NA,NA,NA
biomedicines,2014,22,16,0.42105263157894735,NA,NA,NA
biomedicines,2015,19,23,0.5476190476190477,NA,NA,NA
biomedicines,2016,27,70,0.7216494845360825,NA,NA,NA
biomedicines,2017,74,128,0.6336633663366337,NA,NA,NA
biomedicines,2018,117,59,0.3352272727272727,NA,NA,NA
biomedicines,2019,100,134,0.5726495726495726,4.717,1156,94
biomedicines,2020,660,1477,0.6911558259241928,6.081,2391,635
biomedicines,2021,2022,2591,0.5616735313245177,4.757,7005,1887
biomedicines,2022,3311,2894,0.46639806607574535,NA,NA,NA
biomedicines,2023,312,220,0.41353383458646614,NA,NA,NA
biomolecules,2013,52,39,0.42857142857142855,NA,NA,NA
biomolecules,2014,55,16,0.22535211267605634,NA,NA,NA
biomolecules,2015,162,18,0.1,NA,NA,NA
biomolecules,2016,48,24,0.3333333333333333,NA,NA,NA
biomolecules,2017,78,28,0.2641509433962264,NA,NA,NA
biomolecules,2018,193,135,0.4115853658536585,4.694,2274,177
biomolecules,2019,949,1055,0.5264471057884231,4.082,3498,884
biomolecules,2020,1685,2271,0.5740647118301314,4.879,10162,1679
biomolecules,2021,1926,1766,0.4783315276273023,6.064,21742,1822
biomolecules,2022,1933,2391,0.5529602220166513,NA,NA,NA
biomolecules,2023,178,368,0.673992673992674,NA,NA,NA
biosensors,2013,26,12,0.3157894736842105,NA,NA,NA
biosensors,2014,34,11,0.24444444444444444,NA,NA,NA
biosensors,2015,45,27,0.375,NA,NA,NA
biosensors,2016,62,37,0.37373737373737376,NA,NA,NA
biosensors,2017,65,39,0.375,NA,NA,NA
biosensors,2018,135,67,0.3316831683168317,NA,NA,NA
biosensors,2019,142,62,0.30392156862745096,3.240,1419,137
biosensors,2020,224,177,0.44139650872817954,5.519,2745,210
biosensors,2021,534,345,0.3924914675767918,5.743,4574,512
biosensors,2022,1234,688,0.35796045785639957,NA,NA,NA
biosensors,2023,140,84,0.375,NA,NA,NA
brainsci,2013,75,24,0.24242424242424243,NA,NA,NA
brainsci,2014,29,21,0.42,NA,NA,NA
brainsci,2015,32,23,0.41818181818181815,NA,NA,NA
brainsci,2016,69,33,0.3235294117647059,NA,NA,NA
brainsci,2017,169,65,0.2777777777777778,NA,NA,NA
brainsci,2018,222,77,0.25752508361204013,2.786,1190,218
brainsci,2019,404,262,0.3933933933933934,3.332,1994,373
brainsci,2020,1033,618,0.37431859479103574,3.394,4198,968
brainsci,2021,1693,874,0.3404752629528633,3.333,8169,1593
brainsci,2022,1745,1080,0.3823008849557522,NA,NA,NA
brainsci,2023,170,108,0.38848920863309355,NA,NA,NA
buildings,2013,40,33,0.4520547945205479,NA,NA,NA
buildings,2014,48,33,0.4074074074074074,NA,NA,NA
buildings,2015,75,54,0.4186046511627907,NA,NA,NA
buildings,2016,55,44,0.4444444444444444,NA,NA,NA
buildings,2017,119,97,0.44907407407407407,NA,NA,NA
buildings,2018,188,173,0.4792243767313019,NA,NA,NA
buildings,2019,244,323,0.5696649029982364,NA,NA,NA
buildings,2020,260,456,0.6368715083798883,2.648,2229,246
buildings,2021,685,957,0.5828258221680876,3.324,3842,649
buildings,2022,2350,2663,0.5312188310392978,NA,NA,NA
buildings,2023,277,250,0.47438330170777987,NA,NA,NA
cancers,2012,70,3,0.0410958904109589,NA,NA,NA
cancers,2013,91,35,0.2777777777777778,NA,NA,NA
cancers,2014,117,28,0.19310344827586207,NA,NA,NA
cancers,2015,136,48,0.2608695652173913,NA,NA,NA
cancers,2016,110,57,0.3413173652694611,NA,NA,NA
cancers,2017,177,118,0.4,5.326,3897,169
cancers,2018,557,1259,0.6932819383259912,6.162,5196,508
cancers,2019,2118,3505,0.6233327405299662,6.126,10442,2020
cancers,2020,3878,4510,0.5376728659990463,6.639,28128,3740
cancers,2021,6485,5652,0.4656834473098789,6.575,56338,6092
cancers,2022,6359,6909,0.5207265601447091,NA,NA,NA
cancers,2023,614,771,0.5566787003610109,NA,NA,NA
catalysts,2013,59,21,0.2625,NA,NA,NA
catalysts,2014,27,24,0.47058823529411764,NA,NA,NA
catalysts,2015,135,85,0.38636363636363635,NA,NA,NA
catalysts,2016,219,175,0.44416243654822335,3.082,1072,205
catalysts,2017,391,336,0.4621733149931224,3.465,1995,388
catalysts,2018,692,389,0.3598519888991674,3.444,3728,661
catalysts,2019,1094,489,0.30890713834491473,3.520,6562,1046
catalysts,2020,1489,543,0.2672244094488189,4.146,12538,1445
catalysts,2021,1558,415,0.21033958438925493,4.501,20129,1462
catalysts,2022,1718,472,0.21552511415525114,NA,NA,NA
catalysts,2023,226,54,0.19285714285714287,NA,NA,NA
cells,2013,38,10,0.20833333333333334,NA,NA,NA
cells,2014,59,9,0.1323529411764706,NA,NA,NA
cells,2015,41,21,0.3387096774193548,NA,NA,NA
cells,2016,45,10,0.18181818181818182,NA,NA,NA
cells,2017,50,22,0.3055555555555556,4.829,1005,46
cells,2018,292,318,0.521311475409836,5.656,1412,274
cells,2019,1749,1925,0.5239520958083832,4.366,4034,1642
cells,2020,2675,1970,0.4241119483315393,6.600,18802,2663
cells,2021,3682,1656,0.3102285500187336,7.666,40461,3478
cells,2022,4181,2304,0.35528141865844254,NA,NA,NA
cells,2023,291,435,0.5991735537190083,NA,NA,NA
chemosensors,2013,6,7,0.5384615384615384,NA,NA,NA
chemosensors,2014,19,5,0.20833333333333334,NA,NA,NA
chemosensors,2015,21,17,0.4473684210526316,NA,NA,NA
chemosensors,2016,25,17,0.40476190476190477,NA,NA,NA
chemosensors,2017,35,4,0.10256410256410256,NA,NA,NA
chemosensors,2018,67,10,0.12987012987012986,NA,NA,NA
chemosensors,2019,71,14,0.16470588235294117,3.108,524,64
chemosensors,2020,137,66,0.3251231527093596,3.398,875,130
chemosensors,2021,370,178,0.3248175182481752,4.229,1825,359
chemosensors,2022,560,181,0.24426450742240216,NA,NA,NA
chemosensors,2023,69,27,0.28125,NA,NA,NA
children,2013,2,3,0.6,NA,NA,NA
children,2014,31,18,0.3673469387755102,NA,NA,NA
children,2015,30,20,0.4,NA,NA,NA
children,2016,45,31,0.40789473684210525,NA,NA,NA
children,2017,118,74,0.3854166666666667,NA,NA,NA
children,2018,170,74,0.30327868852459017,NA,NA,NA
children,2019,136,56,0.2916666666666667,2.078,811,129
children,2020,327,386,0.541374474053296,2.863,1628,307
children,2021,1219,544,0.3085649461145774,2.835,3175,1162
children,2022,2058,885,0.3007135575942915,NA,NA,NA
children,2023,193,146,0.4306784660766962,NA,NA,NA
coatings,2013,18,14,0.4375,NA,NA,NA
coatings,2014,43,25,0.36764705882352944,NA,NA,NA
coatings,2015,57,23,0.2875,NA,NA,NA
coatings,2016,74,17,0.18681318681318682,2.175,315,66
coatings,2017,251,118,0.31978319783197834,2.350,675,237
coatings,2018,476,401,0.4572405929304447,2.330,1400,465
coatings,2019,873,222,0.20273972602739726,2.436,3019,858
coatings,2020,1278,308,0.19419924337957126,2.881,6391,1244
coatings,2021,1579,381,0.19438775510204082,3.236,11497,1505
coatings,2022,2027,825,0.28927068723702665,NA,NA,NA
coatings,2023,239,118,0.33053221288515405,NA,NA,NA
crystals,2013,32,5,0.13513513513513514,NA,NA,NA
crystals,2014,38,5,0.11627906976744186,NA,NA,NA
crystals,2015,54,15,0.21739130434782608,NA,NA,NA
crystals,2016,167,64,0.27705627705627706,1.566,417,161
crystals,2017,386,174,0.3107142857142857,2.144,911,377
crystals,2018,487,194,0.28487518355359764,2.061,1829,465
crystals,2019,672,228,0.25333333333333335,2.404,3142,659
crystals,2020,1188,370,0.2374839537869063,2.589,5581,1110
crystals,2021,1612,581,0.2649338805289558,2.670,9024,1537
crystals,2022,1863,880,0.3208166241341597,NA,NA,NA
crystals,2023,176,90,0.3383458646616541,NA,NA,NA
cimb,2021,180,285,0.6129032258064516,2.976,1249,200
cimb,2022,447,649,0.5921532846715328,NA,NA,NA
cimb,2023,52,69,0.5702479338842975,NA,NA,NA
curroncol,2020,188,117,0.3836065573770492,3.677,3567,141
curroncol,2021,445,875,0.6628787878787878,3.109,4079,437
curroncol,2022,811,1363,0.6269549218031278,NA,NA,NA
curroncol,2023,89,192,0.6832740213523132,NA,NA,NA
diagnostics,2013,25,11,0.3055555555555556,NA,NA,NA
diagnostics,2014,12,4,0.25,NA,NA,NA
diagnostics,2015,40,21,0.3442622950819672,NA,NA,NA
diagnostics,2016,44,23,0.34328358208955223,NA,NA,NA
diagnostics,2017,60,37,0.38144329896907214,NA,NA,NA
diagnostics,2018,89,24,0.21238938053097345,2.489,533,81
diagnostics,2019,240,259,0.5190380761523046,3.110,850,212
diagnostics,2020,1146,1438,0.5565015479876161,3.706,2557,1069
diagnostics,2021,2445,2391,0.4944168734491315,3.992,8370,2270
diagnostics,2022,3270,2720,0.4540901502504174,NA,NA,NA
diagnostics,2023,389,354,0.47644683714670255,NA,NA,NA
diversity,2013,45,19,0.296875,NA,NA,NA
diversity,2014,35,13,0.2708333333333333,NA,NA,NA
diversity,2015,25,13,0.34210526315789475,NA,NA,NA
diversity,2016,31,14,0.3111111111111111,NA,NA,NA
diversity,2017,55,37,0.40217391304347827,NA,NA,NA
diversity,2018,132,49,0.27071823204419887,2.047,907,125
diversity,2019,262,163,0.3835294117647059,1.402,1104,244
diversity,2020,481,311,0.3926767676767677,2.465,2326,456
diversity,2021,700,353,0.3352326685660019,3.031,3884,638
diversity,2022,1163,618,0.34699606962380686,NA,NA,NA
diversity,2023,146,100,0.4065040650406504,NA,NA,NA
electronics,2013,17,25,0.5952380952380952,NA,NA,NA
electronics,2014,45,46,0.5054945054945055,NA,NA,NA
electronics,2015,58,123,0.6795580110497238,NA,NA,NA
electronics,2016,97,316,0.7651331719128329,NA,NA,NA
electronics,2017,106,185,0.6357388316151202,2.110,556,103
electronics,2018,482,1121,0.6993137866500312,1.764,975,446
electronics,2019,1589,2506,0.611965811965812,2.412,3021,1533
electronics,2020,2215,3153,0.5873695976154992,2.397,7096,2179
electronics,2021,3250,2499,0.4346842929205079,2.690,14393,3110
electronics,2022,4319,3138,0.4208126592463457,NA,NA,NA
electronics,2023,504,472,0.48360655737704916,NA,NA,NA
energies,2012,296,91,0.2351421188630491,NA,NA,NA
energies,2013,347,796,0.6964129483814523,NA,NA,NA
energies,2014,435,845,0.66015625,NA,NA,NA
energies,2015,744,1178,0.6129032258064516,NA,NA,NA
energies,2016,1106,1729,0.6098765432098765,2.262,6414,1082
energies,2017,2208,3049,0.5799885866463763,2.676,11350,2161
energies,2018,3609,4726,0.5670065986802639,2.707,19625,3515
energies,2019,4862,6705,0.5796662920376935,2.702,29605,4783
energies,2020,6760,6727,0.498776599688589,3.004,48855,6715
energies,2021,8699,5590,0.3912100216950101,3.252,76498,8369
energies,2022,9843,6378,0.3931940077677085,NA,NA,NA
energies,2023,950,641,0.40289126335637965,NA,NA,NA
entropy,2012,137,10,0.06802721088435375,NA,NA,NA
entropy,2013,284,222,0.43873517786561267,NA,NA,NA
entropy,2014,328,251,0.43350604490500866,NA,NA,NA
entropy,2015,453,509,0.5291060291060291,NA,NA,NA
entropy,2016,459,489,0.5158227848101266,1.821,3243,444
entropy,2017,693,808,0.5383077948034644,2.305,4812,684
entropy,2018,999,1122,0.5289957567185289,2.419,7232,959
entropy,2019,1274,1428,0.5284974093264249,2.494,9810,1212
entropy,2020,1443,1462,0.5032702237521515,2.524,13417,1402
entropy,2021,1717,1678,0.49425625920471283,2.738,17367,1653
entropy,2022,1867,1975,0.5140551795939615,NA,NA,NA
entropy,2023,179,181,0.5027777777777778,NA,NA,NA
fermentation,2014,1,NA,NA,NA,NA,NA
fermentation,2015,9,9,0.5,NA,NA,NA
fermentation,2016,23,18,0.43902439024390244,NA,NA,NA
fermentation,2017,65,29,0.30851063829787234,NA,NA,NA
fermentation,2018,107,60,0.3592814371257485,NA,NA,NA
fermentation,2019,102,29,0.22137404580152673,NA,NA,NA
fermentation,2020,127,59,0.3172043010752688,3.975,1330,121
fermentation,2021,335,144,0.30062630480167013,5.123,2420,310
fermentation,2022,776,421,0.3517126148705096,NA,NA,NA
fermentation,2023,103,66,0.3905325443786982,NA,NA,NA
foods,2013,53,52,0.49523809523809526,NA,NA,NA
foods,2014,39,24,0.38095238095238093,NA,NA,NA
foods,2015,52,30,0.36585365853658536,NA,NA,NA
foods,2016,86,34,0.2833333333333333,NA,NA,NA
foods,2017,113,41,0.2662337662337662,NA,NA,NA
foods,2018,216,123,0.36283185840707965,3.011,1095,202
foods,2019,716,1023,0.5882691201840138,4.092,2368,681
foods,2020,1953,2855,0.593801996672213,4.350,7819,1856
foods,2021,3194,3704,0.5369672368802552,5.561,20947,3057
foods,2022,4187,3758,0.47300188797986153,NA,NA,NA
foods,2023,423,346,0.44993498049414826,NA,NA,NA
forests,2013,67,96,0.588957055214724,NA,NA,NA
forests,2014,173,235,0.5759803921568627,NA,NA,NA
forests,2015,250,312,0.5551601423487544,NA,NA,NA
forests,2016,329,408,0.55359565807327,1.951,1332,311
forests,2017,502,519,0.5083251714005876,1.956,2285,497
forests,2018,792,858,0.52,2.116,3816,778
forests,2019,1190,1557,0.5668001456133964,2.221,6013,1148
forests,2020,1372,1553,0.530940170940171,2.634,10348,1352
forests,2021,1798,1415,0.44039838157485217,3.282,16362,1761
forests,2022,2230,1462,0.3959913326110509,NA,NA,NA
forests,2023,202,148,0.4228571428571429,NA,NA,NA
fractalfract,2017,18,15,0.45454545454545453,NA,NA,NA
fractalfract,2018,29,27,0.48214285714285715,NA,NA,NA
fractalfract,2019,56,75,0.5725190839694656,NA,NA,NA
fractalfract,2020,60,46,0.4339622641509434,3.313,512,58
fractalfract,2021,304,565,0.6501726121979287,3.577,928,276
fractalfract,2022,776,1688,0.685064935064935,NA,NA,NA
fractalfract,2023,85,164,0.6586345381526104,NA,NA,NA
gels,2014,1,1,0.5,NA,NA,NA
gels,2015,18,4,0.18181818181818182,NA,NA,NA
gels,2016,29,11,0.275,NA,NA,NA
gels,2017,50,12,0.1935483870967742,NA,NA,NA
gels,2018,83,18,0.1782178217821782,NA,NA,NA
gels,2019,49,35,0.4166666666666667,NA,NA,NA
gels,2020,52,6,0.10344827586206896,4.702,1122,47
gels,2021,301,112,0.2711864406779661,4.432,1609,274
gels,2022,848,452,0.3476923076923077,NA,NA,NA
gels,2023,77,43,0.35833333333333334,NA,NA,NA
genes,2013,32,10,0.23809523809523808,NA,NA,NA
genes,2014,61,14,0.18666666666666668,NA,NA,NA
genes,2015,73,97,0.5705882352941176,NA,NA,NA
genes,2016,146,339,0.6989690721649484,3.600,863,133
genes,2017,399,365,0.47774869109947643,3.191,1577,393
genes,2018,657,882,0.5730994152046783,3.331,3103,627
genes,2019,1080,1277,0.5417904115400933,3.759,5889,1029
genes,2020,1539,1713,0.5267527675276753,4.096,11556,1497
genes,2021,2072,1873,0.47477820025348544,4.141,18611,1944
genes,2022,2434,2421,0.49866117404737387,NA,NA,NA
genes,2023,264,313,0.5424610051993067,NA,NA,NA
healthcare,2013,11,19,0.6333333333333333,NA,NA,NA
healthcare,2014,33,42,0.56,NA,NA,NA
healthcare,2015,90,91,0.5027624309392266,NA,NA,NA
healthcare,2016,93,75,0.44642857142857145,NA,NA,NA
healthcare,2017,94,79,0.45664739884393063,NA,NA,NA
healthcare,2018,148,163,0.5241157556270096,NA,NA,NA
healthcare,2019,172,268,0.6090909090909091,1.916,1049,156
healthcare,2020,600,1176,0.6621621621621622,2.645,2175,563
healthcare,2021,1814,2335,0.5627862135454327,3.160,5075,1711
healthcare,2022,2638,3111,0.5411375891459385,NA,NA,NA
healthcare,2023,278,415,0.5988455988455988,NA,NA,NA
horticulturae,2015,5,19,0.7916666666666666,NA,NA,NA
horticulturae,2016,40,68,0.6296296296296297,NA,NA,NA
horticulturae,2017,30,20,0.4,NA,NA,NA
horticulturae,2018,58,67,0.536,NA,NA,NA
horticulturae,2019,76,125,0.6218905472636815,NA,NA,NA
horticulturae,2020,114,92,0.44660194174757284,2.331,647,108
horticulturae,2021,631,567,0.4732888146911519,2.923,1432,576
horticulturae,2022,1222,1332,0.5215348472983555,NA,NA,NA
horticulturae,2023,138,132,0.4888888888888889,NA,NA,NA
inorganics,2013,6,3,0.3333333333333333,NA,NA,NA
inorganics,2014,43,8,0.1568627450980392,NA,NA,NA
inorganics,2015,39,14,0.2641509433962264,NA,NA,NA
inorganics,2016,44,12,0.21428571428571427,NA,NA,NA
inorganics,2017,96,13,0.11926605504587157,NA,NA,NA
inorganics,2018,130,22,0.14473684210526316,NA,NA,NA
inorganics,2019,146,24,0.1411764705882353,NA,NA,NA
inorganics,2020,67,18,0.21176470588235294,NA,NA,NA
inorganics,2021,95,23,0.19491525423728814,NA,NA,NA
inorganics,2022,278,145,0.34278959810874704,NA,NA,NA
inorganics,2023,49,20,0.2898550724637681,NA,NA,NA
insects,2013,47,19,0.2878787878787879,NA,NA,NA
insects,2014,61,19,0.2375,NA,NA,NA
insects,2015,62,26,0.29545454545454547,NA,NA,NA
insects,2016,81,39,0.325,NA,NA,NA
insects,2017,128,75,0.3694581280788177,1.848,827,129
insects,2018,197,153,0.43714285714285717,2.139,1190,194
insects,2019,488,442,0.4752688172043011,2.220,1925,447
insects,2020,883,752,0.4599388379204893,2.769,3936,883
insects,2021,1163,723,0.38335100742311773,3.141,7323,1100
insects,2022,1173,898,0.4336069531627233,NA,NA,NA
insects,2023,105,69,0.39655172413793105,NA,NA,NA
ijerph,2012,306,69,0.184,NA,NA,NA
ijerph,2013,454,584,0.5626204238921002,NA,NA,NA
ijerph,2014,779,774,0.4983902124919511,NA,NA,NA
ijerph,2015,1090,1245,0.5331905781584583,NA,NA,NA
ijerph,2016,1210,1591,0.5680114244912531,2.101,9250,1220
ijerph,2017,1624,2194,0.5746464117338921,2.145,13242,1568
ijerph,2018,2961,3704,0.5557389347336834,2.468,20692,2843
ijerph,2019,5359,6029,0.5294169301018616,2.849,31937,5093
ijerph,2020,9572,11469,0.5450786559574164,3.390,66102,9428
ijerph,2021,13611,11078,0.44870185102677307,4.614,123105,13064
ijerph,2022,17445,14393,0.45206985363402225,NA,NA,NA
ijerph,2023,1818,1643,0.4747182895117018,NA,NA,NA
ijms,2012,1082,221,0.1696085955487337,NA,NA,NA
ijms,2013,1367,1586,0.5370809346427362,NA,NA,NA
ijms,2014,1435,2084,0.5922136970730321,NA,NA,NA
ijms,2015,1743,2956,0.6290700148967866,NA,NA,NA
ijms,2016,2166,3821,0.638216134959078,3.226,25928,2117
ijms,2017,2807,4869,0.6343147472642001,3.687,37071,2727
ijms,2018,4159,6440,0.607604490989716,4.183,53148,4065
ijms,2019,6536,9737,0.5983531002273705,4.556,77288,6273
ijms,2020,9868,12283,0.5545122116383008,5.924,139463,9611
ijms,2021,13760,13864,0.5018824210831161,6.208,211519,13382
ijms,2022,16482,17198,0.5106294536817102,NA,NA,NA
ijms,2023,1982,1641,0.45293955285674853,NA,NA,NA
ijgi,2013,58,62,0.5166666666666667,NA,NA,NA
ijgi,2014,80,77,0.49044585987261147,NA,NA,NA
ijgi,2015,140,185,0.5692307692307692,NA,NA,NA
ijgi,2016,251,446,0.6398852223816356,1.502,552,243
ijgi,2017,409,522,0.560687432867884,1.723,1183,401
ijgi,2018,499,784,0.6110678098207326,1.840,2196,476
ijgi,2019,589,1168,0.6647694934547524,2.239,3730,514
ijgi,2020,761,1373,0.6433926897844423,2.899,6433,748
ijgi,2021,857,1321,0.6065197428833793,3.099,9360,819
ijgi,2022,610,1346,0.6881390593047034,NA,NA,NA
ijgi,2023,35,106,0.75177304964539,NA,NA,NA
jcdd,2013,1,1,0.5,NA,NA,NA
jcdd,2014,18,6,0.25,NA,NA,NA
jcdd,2015,21,12,0.36363636363636365,NA,NA,NA
jcdd,2016,34,14,0.2916666666666667,NA,NA,NA
jcdd,2017,25,21,0.45652173913043476,NA,NA,NA
jcdd,2018,62,69,0.5267175572519084,NA,NA,NA
jcdd,2019,40,28,0.4117647058823529,NA,NA,NA
jcdd,2020,59,42,0.4158415841584158,3.948,689,57
jcdd,2021,196,227,0.5366430260047281,4.415,1001,182
jcdd,2022,470,582,0.5532319391634981,NA,NA,NA
jcdd,2023,47,103,0.6866666666666666,NA,NA,NA
jcm,2013,23,22,0.4888888888888889,NA,NA,NA
jcm,2014,99,64,0.39263803680981596,NA,NA,NA
jcm,2015,120,74,0.38144329896907214,NA,NA,NA
jcm,2016,116,98,0.45794392523364486,NA,NA,NA
jcm,2017,118,89,0.42995169082125606,5.583,1673,116
jcm,2018,597,1842,0.7552275522755227,5.688,2315,560
jcm,2019,2315,4951,0.6813927883292045,3.303,5214,2181
jcm,2020,4143,6135,0.5969060128429655,4.242,21503,4015
jcm,2021,6095,5604,0.47901530045303015,4.964,41038,5813
jcm,2022,7641,6069,0.4426695842450766,NA,NA,NA
jcm,2023,798,862,0.519277108433735,NA,NA,NA
jof,2014,1,9,0.9,NA,NA,NA
jof,2015,29,25,0.46296296296296297,NA,NA,NA
jof,2016,30,40,0.5714285714285714,NA,NA,NA
jof,2017,75,72,0.4897959183673469,NA,NA,NA
jof,2018,138,168,0.5490196078431373,NA,NA,NA
jof,2019,124,94,0.43119266055045874,4.621,1191,113
jof,2020,395,381,0.49097938144329895,5.816,2642,377
jof,2021,1127,793,0.41302083333333334,5.724,5895,1063
jof,2022,1338,1030,0.43496621621621623,NA,NA,NA
jof,2023,122,73,0.37435897435897436,NA,NA,NA
jmse,2013,3,16,0.8421052631578947,NA,NA,NA
jmse,2014,34,24,0.41379310344827586,NA,NA,NA
jmse,2015,80,81,0.5031055900621118,NA,NA,NA
jmse,2016,83,40,0.3252032520325203,NA,NA,NA
jmse,2017,62,23,0.27058823529411763,NA,NA,NA
jmse,2018,160,93,0.3675889328063241,1.732,499,154
jmse,2019,484,491,0.5035897435897436,2.033,1018,460
jmse,2020,1057,944,0.47176411794102946,2.458,2763,1023
jmse,2021,1471,1184,0.44595103578154427,2.744,6037,1406
jmse,2022,2053,1358,0.39812371738493113,NA,NA,NA
jmse,2023,239,117,0.32865168539325845,NA,NA,NA
jpm,2012,21,1,0.045454545454545456,NA,NA,NA
jpm,2013,18,13,0.41935483870967744,NA,NA,NA
jpm,2014,28,13,0.3170731707317073,NA,NA,NA
jpm,2015,34,22,0.39285714285714285,NA,NA,NA
jpm,2016,20,13,0.3939393939393939,NA,NA,NA
jpm,2017,22,19,0.4634146341463415,NA,NA,NA
jpm,2018,44,28,0.3888888888888889,NA,NA,NA
jpm,2019,52,59,0.5315315315315315,4.433,617,50
jpm,2020,319,361,0.5308823529411765,4.945,1071,283
jpm,2021,1382,974,0.4134125636672326,3.508,2964,1334
jpm,2022,2169,1082,0.3328206705629037,NA,NA,NA
jpm,2023,181,119,0.39666666666666667,NA,NA,NA
land,2013,39,29,0.4264705882352941,NA,NA,NA
land,2014,59,49,0.4537037037037037,NA,NA,NA
land,2015,53,44,0.4536082474226804,NA,NA,NA
land,2016,47,42,0.47191011235955055,NA,NA,NA
land,2017,90,65,0.41935483870967744,NA,NA,NA
land,2018,165,116,0.4128113879003559,NA,NA,NA
land,2019,197,268,0.5763440860215053,2.429,807,188
land,2020,559,1139,0.6707891637220259,3.398,2389,526
land,2021,1438,1787,0.5541085271317829,3.905,5700,1358
land,2022,2420,2810,0.5372848948374761,NA,NA,NA
land,2023,250,268,0.5173745173745173,NA,NA,NA
life,2012,16,4,0.2,NA,NA,NA
life,2013,32,7,0.1794871794871795,NA,NA,NA
life,2014,60,26,0.3023255813953488,NA,NA,NA
life,2015,87,47,0.35074626865671643,NA,NA,NA
life,2016,42,12,0.2222222222222222,NA,NA,NA
life,2017,52,35,0.40229885057471265,NA,NA,NA
life,2018,67,31,0.3163265306122449,NA,NA,NA
life,2019,84,63,0.42857142857142855,2.991,1264,77
life,2020,387,553,0.5882978723404255,3.817,1851,363
life,2021,1471,1384,0.48476357267950965,3.253,3944,1389
life,2022,2217,1927,0.4650096525096525,NA,NA,NA
life,2023,276,267,0.49171270718232046,NA,NA,NA
lubricants,2013,8,3,0.2727272727272727,NA,NA,NA
lubricants,2014,15,9,0.375,NA,NA,NA
lubricants,2015,40,25,0.38461538461538464,NA,NA,NA
lubricants,2016,39,18,0.3157894736842105,NA,NA,NA
lubricants,2017,48,19,0.2835820895522388,NA,NA,NA
lubricants,2018,111,61,0.3546511627906977,NA,NA,NA
lubricants,2019,114,32,0.2191780821917808,NA,NA,NA
lubricants,2020,108,36,0.25,NA,NA,NA
lubricants,2021,124,29,0.1895424836601307,NA,NA,NA
lubricants,2022,377,167,0.3069852941176471,NA,NA,NA
lubricants,2023,45,18,0.2857142857142857,NA,NA,NA
machines,2013,8,7,0.4666666666666667,NA,NA,NA
machines,2014,15,17,0.53125,NA,NA,NA
machines,2015,22,27,0.5510204081632653,NA,NA,NA
machines,2016,23,21,0.4772727272727273,NA,NA,NA
machines,2017,33,6,0.15384615384615385,NA,NA,NA
machines,2018,65,84,0.5637583892617449,NA,NA,NA
machines,2019,79,88,0.5269461077844312,NA,NA,NA
machines,2020,90,110,0.55,2.428,590,86
machines,2021,400,410,0.5061728395061729,2.899,1133,369
machines,2022,1260,1543,0.5504816268283982,NA,NA,NA
machines,2023,145,122,0.45692883895131087,NA,NA,NA
marinedrugs,2012,196,24,0.10909090909090909,NA,NA,NA
marinedrugs,2013,315,200,0.3883495145631068,NA,NA,NA
marinedrugs,2014,347,260,0.42833607907743,NA,NA,NA
marinedrugs,2015,384,272,0.4146341463414634,NA,NA,NA
marinedrugs,2016,231,163,0.4137055837563452,3.503,6693,232
marinedrugs,2017,391,267,0.40577507598784196,4.379,8753,390
marinedrugs,2018,535,475,0.47029702970297027,3.772,11032,515
marinedrugs,2019,726,550,0.43103448275862066,4.073,14344,708
marinedrugs,2020,640,611,0.48840927258193445,5.118,21622,646
marinedrugs,2021,742,673,0.4756183745583039,6.085,25936,686
marinedrugs,2022,785,512,0.39475713184271394,NA,NA,NA
marinedrugs,2023,66,46,0.4107142857142857,NA,NA,NA
materials,2013,364,517,0.58683314415437,NA,NA,NA
materials,2014,462,582,0.5574712643678161,NA,NA,NA
materials,2015,593,759,0.5613905325443787,NA,NA,NA
materials,2016,1036,1320,0.56027164685908315,2.654,8140,1019
materials,2017,1491,1705,0.5334793491864831,2.467,12001,1443
materials,2018,2654,2878,0.5202458423716558,2.972,18764,2583
materials,2019,4285,3927,0.4782026302971262,3.057,29300,4207
materials,2020,5856,3722,0.3885988724159532,3.623,52459,5758
materials,2021,8040,3132,0.280343716433942,3.748,78439,7713
materials,2022,9184,3769,0.29097506369180887,NA,NA,NA
materials,2023,849,462,0.3524027459954233,NA,NA,NA
mathematics,2013,10,27,0.7297297297297297,NA,NA,NA
mathematics,2014,13,50,0.7936507936507936,NA,NA,NA
mathematics,2015,62,91,0.5947712418300654,NA,NA,NA
mathematics,2016,69,311,0.8184210526315789,NA,NA,NA
mathematics,2017,86,126,0.5943396226415094,NA,NA,NA
mathematics,2018,368,989,0.7288135593220338,1.105,377,331
mathematics,2019,1248,3162,0.7170068027210884,1.747,1647,1234
mathematics,2020,2307,5243,0.6944370860927153,2.258,5424,2247
mathematics,2021,3366,4493,0.5717012342537219,2.592,12448,3288
mathematics,2022,4931,7330,0.5978305195334801,NA,NA,NA
mathematics,2023,508,696,0.5780730897009967,NA,NA,NA
medicina,2018,122,787,0.8657865786578658,1.467,1031,109
medicina,2019,799,1766,0.6884990253411306,1.205,1446,779
medicina,2020,742,1527,0.6729836932569414,2.430,3761,708
medicina,2021,1422,1942,0.5772889417360285,2.948,6717,1372
medicina,2022,1911,2280,0.5440229062276306,NA,NA,NA
medicina,2023,183,396,0.6839378238341969,NA,NA,NA
membranes,2013,29,21,0.42,NA,NA,NA
membranes,2014,41,9,0.18,NA,NA,NA
membranes,2015,57,20,0.2597402597402597,NA,NA,NA
membranes,2016,53,12,0.18461538461538463,NA,NA,NA
membranes,2017,69,14,0.1686746987951807,NA,NA,NA
membranes,2018,137,24,0.14906832298136646,NA,NA,NA
membranes,2019,176,49,0.21777777777777776,3.094,882,169
membranes,2020,464,157,0.2528180354267311,4.106,3130,440
membranes,2021,1033,343,0.2492732558139535,4.562,6109,953
membranes,2022,1278,371,0.22498483929654337,NA,NA,NA
membranes,2023,122,33,0.2129032258064516,NA,NA,NA
metabolites,2013,62,10,0.1388888888888889,NA,NA,NA
metabolites,2014,55,7,0.11290322580645161,NA,NA,NA
metabolites,2015,39,16,0.2909090909090909,NA,NA,NA
metabolites,2016,48,8,0.14285714285714285,NA,NA,NA
metabolites,2017,66,13,0.16455696202531644,NA,NA,NA
metabolites,2018,98,45,0.3146853146853147,3.303,1334,92
metabolites,2019,322,151,0.3192389006342495,4.097,1886,304
metabolites,2020,525,419,0.4438559322033898,4.932,3956,507
metabolites,2021,894,533,0.373510861948143,5.581,7235,866
metabolites,2022,1333,872,0.39546485260770975,NA,NA,NA
metabolites,2023,149,154,0.5082508250825083,NA,NA,NA
metals,2012,40,NA,NA,NA,NA,NA
metals,2013,18,11,0.3793103448275862,NA,NA,NA
metals,2014,42,25,0.373134328358209,NA,NA,NA
metals,2015,166,173,0.5103244837758112,NA,NA,NA
metals,2016,327,334,0.5052950075642966,1.984,566,321
metals,2017,587,718,0.55019157088122606,1.704,1317,559
metals,2018,1093,1204,0.5241619503700479,2.259,3234,1057
metals,2019,1394,1303,0.4831294030404153,2.117,5708,1332
metals,2020,1709,1373,0.445489941596366,2.351,10030,1657
metals,2021,2063,946,0.3143901628447989,2.695,15992,1985
metals,2022,2210,846,0.2768324607329843,NA,NA,NA
metals,2023,203,83,0.2902097902097902,NA,NA,NA
micromachines,2013,32,14,0.30434782608695654,NA,NA,NA
micromachines,2014,104,62,0.37349397590361444,NA,NA,NA
micromachines,2015,132,149,0.5302491103202847,NA,NA,NA
micromachines,2016,241,120,0.33240997229916897,1.833,760,232
micromachines,2017,376,160,0.29850746268656714,2.222,1527,353
micromachines,2018,692,373,0.3502347417840376,2.426,2708,662
micromachines,2019,915,431,0.3202080237741456,2.524,4682,856
micromachines,2020,1119,432,0.27852998065764023,2.891,8165,1094
micromachines,2021,1630,689,0.2971108236308754,3.523,13003,1541
micromachines,2022,2305,1065,0.31602373887240354,NA,NA,NA
micromachines,2023,246,114,0.31666666666666665,NA,NA,NA
microorganisms,2013,14,19,0.5757575757575758,NA,NA,NA
microorganisms,2014,8,30,0.7894736842105263,NA,NA,NA
microorganisms,2015,51,52,0.5048543689320388,NA,NA,NA
microorganisms,2016,48,30,0.38461538461538464,NA,NA,NA
microorganisms,2017,82,25,0.2336448598130841,NA,NA,NA
microorganisms,2018,132,84,0.3888888888888889,4.167,731,123
microorganisms,2019,774,526,0.4046153846153846,4.152,1639,696
microorganisms,2020,2074,2136,0.5073634204275534,4.128,6458,2023
microorganisms,2021,2634,2401,0.4768619662363456,4.926,18172,2551
microorganisms,2022,2537,2344,0.4802294611759885,NA,NA,NA
microorganisms,2023,253,198,0.43902439024390244,NA,NA,NA
minerals,2012,27,2,0.06896551724137931,NA,NA,NA
minerals,2013,24,8,0.25,NA,NA,NA
minerals,2014,41,18,0.3050847457627119,NA,NA,NA
minerals,2015,55,99,0.6428571428571429,NA,NA,NA
minerals,2016,132,190,0.5900621118012422,2.088,344,130
minerals,2017,255,644,0.7163515016685206,1.835,646,247
minerals,2018,618,874,0.5857908847184986,2.250,1562,590
minerals,2019,812,1021,0.5570103655210038,2.380,3404,774
minerals,2020,1147,1091,0.4874888293118856,2.644,5856,1121
minerals,2021,1454,901,0.3825902335456476,2.818,9950,1371
minerals,2022,1647,1095,0.3993435448577681,NA,NA,NA
minerals,2023,141,84,0.37333333333333335,NA,NA,NA
molecules,2012,1065,110,0.09361702127659574,NA,NA,NA
molecules,2013,1012,1197,0.5418741511996379,NA,NA,NA
molecules,2014,1302,1172,0.4737267582861762,NA,NA,NA
molecules,2015,1385,1538,0.5261717413616148,NA,NA,NA
molecules,2016,1769,1645,0.48183948447568836,2.861,23361,1720
molecules,2017,2278,2111,0.4809751651856915,3.098,31047,2223
molecules,2018,3446,3396,0.4963460976322713,3.060,39342,3348
molecules,2019,4667,5567,0.5439710768028142,3.267,53982,4583
molecules,2020,6060,6036,0.4990079365079365,4.412,88969,5980
molecules,2021,7790,4915,0.3868555686737505,4.927,128386,7528
molecules,2022,9144,5351,0.36916177992411175,NA,NA,NA
molecules,2023,1032,640,0.3827751196172249,NA,NA,NA
nanomaterials,2013,40,41,0.5061728395061729,NA,NA,NA
nanomaterials,2014,54,35,0.39325842696629215,NA,NA,NA
nanomaterials,2015,136,215,0.6125356125356125,NA,NA,NA
nanomaterials,2016,245,457,0.6509971509971509,3.553,1174,232
nanomaterials,2017,471,458,0.4930032292787944,3.504,2160,453
nanomaterials,2018,1101,1015,0.47967863894139884,4.034,4955,1058
nanomaterials,2019,1829,2176,0.5433208489388265,4.324,10911,1774
nanomaterials,2020,2572,2027,0.44074798869319415,5.076,23676,2531
nanomaterials,2021,3537,2327,0.3968281036834925,5.719,40452,3379
nanomaterials,2022,4540,2446,0.3501288290867449,NA,NA,NA
nanomaterials,2023,393,182,0.3165217391304348,NA,NA,NA
nutrients,2013,313,258,0.45183887915936954,NA,NA,NA
nutrients,2014,362,336,0.4813753581661891,NA,NA,NA
nutrients,2015,620,654,0.5133437990580848,NA,NA,NA
nutrients,2016,840,832,0.49760765550239233,3.550,7118,794
nutrients,2017,1383,1266,0.47791619479048697,4.196,12031,1325
nutrients,2018,2050,2028,0.49730259931338894,4.171,19332,1984
nutrients,2019,3123,3094,0.4976676853788001,4.546,32094,2977
nutrients,2020,3938,4232,0.5179926560587516,5.719,60551,3776
nutrients,2021,4629,4229,0.4774215398509822,6.706,94032,4430
nutrients,2022,5405,4871,0.47401712728688206,NA,NA,NA
nutrients,2023,521,536,0.5070955534531694,NA,NA,NA
pathogens,2013,36,16,0.3076923076923077,NA,NA,NA
pathogens,2014,53,10,0.15873015873015872,NA,NA,NA
pathogens,2015,52,17,0.2463768115942029,NA,NA,NA
pathogens,2016,69,26,0.2736842105263158,NA,NA,NA
pathogens,2017,70,22,0.2391304347826087,NA,NA,NA
pathogens,2018,95,31,0.24603174603174602,3.405,1166,97
pathogens,2019,336,219,0.3945945945945946,3.018,1506,297
pathogens,2020,1069,811,0.43138297872340425,3.492,4177,1056
pathogens,2021,1673,961,0.3648443432042521,4.531,9479,1602
pathogens,2022,1578,931,0.37106416899163014,NA,NA,NA
pathogens,2023,158,125,0.4416961130742049,NA,NA,NA
pharmaceuticals,2013,77,15,0.16304347826086957,NA,NA,NA
pharmaceuticals,2014,53,11,0.171875,NA,NA,NA
pharmaceuticals,2015,44,26,0.37142857142857144,NA,NA,NA
pharmaceuticals,2016,82,30,0.26785714285714285,NA,NA,NA
pharmaceuticals,2017,95,48,0.3356643356643357,NA,NA,NA
pharmaceuticals,2018,138,72,0.34285714285714286,NA,NA,NA
pharmaceuticals,2019,189,133,0.41304347826086957,4.286,3357,176
pharmaceuticals,2020,512,718,0.583739837398374,5.863,5462,478
pharmaceuticals,2021,1360,1256,0.4801223241590214,5.215,9157,1309
pharmaceuticals,2022,1603,1466,0.47768002606712284,NA,NA,NA
pharmaceuticals,2023,151,194,0.5623188405797102,NA,NA,NA
pharmaceutics,2012,43,6,0.12244897959183673,NA,NA,NA
pharmaceutics,2013,35,24,0.4067796610169492,NA,NA,NA
pharmaceutics,2014,36,16,0.3076923076923077,NA,NA,NA
pharmaceutics,2015,37,19,0.3392857142857143,NA,NA,NA
pharmaceutics,2016,38,26,0.40625,NA,NA,NA
pharmaceutics,2017,59,47,0.44339622641509435,3.746,992,57
pharmaceutics,2018,294,258,0.4673913043478261,4.773,1482,285
pharmaceutics,2019,707,661,0.483187134502924,4.421,3227,682
pharmaceutics,2020,1270,1018,0.44493006993006995,6.321,9731,1213
pharmaceutics,2021,2242,1808,0.44641975308641973,6.525,19762,2132
pharmaceutics,2022,2906,2823,0.49275615290626634,NA,NA,NA
pharmaceutics,2023,324,335,0.5083459787556904,NA,NA,NA
photonics,2014,40,30,0.42857142857142855,NA,NA,NA
photonics,2015,84,30,0.2631578947368421,NA,NA,NA
photonics,2016,62,39,0.38613861386138615,NA,NA,NA
photonics,2017,50,30,0.375,NA,NA,NA
photonics,2018,60,22,0.2682926829268293,NA,NA,NA
photonics,2019,131,113,0.46311475409836067,2.140,396,124
photonics,2020,137,103,0.42916666666666664,2.676,971,129
photonics,2021,607,270,0.30786773090079816,2.536,1529,573
photonics,2022,1026,348,0.25327510917030566,NA,NA,NA
photonics,2023,106,44,0.29333333333333333,NA,NA,NA
plants,2013,43,31,0.4189189189189189,NA,NA,NA
plants,2014,35,21,0.375,NA,NA,NA
plants,2015,39,22,0.36065573770491804,NA,NA,NA
plants,2016,45,37,0.45121951219512196,NA,NA,NA
plants,2017,64,51,0.4434782608695652,NA,NA,NA
plants,2018,117,92,0.44019138755980863,2.632,564,108
plants,2019,659,892,0.5751128304319794,2.762,1351,611
plants,2020,1837,2250,0.550526058233423,3.935,5622,1790
plants,2021,2873,2779,0.49168435951875444,4.658,16001,2745
plants,2022,3642,3374,0.4809007981755986,NA,NA,NA
plants,2023,456,363,0.4432234432234432,NA,NA,NA
polymers,2013,63,62,0.496,NA,NA,NA
polymers,2014,159,121,0.43214285714285716,NA,NA,NA
polymers,2015,154,222,0.5904255319148937,NA,NA,NA
polymers,2016,443,305,0.4077540106951872,3.364,2890,438
polymers,2017,762,442,0.36710963455149503,2.935,4549,725
polymers,2018,1430,953,0.39991607217792696,3.164,7759,1407
polymers,2019,2129,1812,0.4597817812737884,3.426,14006,2111
polymers,2020,3160,1778,0.360064803564196,4.329,27637,3030
polymers,2021,4491,1789,0.2848726114649682,4.967,48436,4374
polymers,2022,5625,2179,0.2792157867760123,NA,NA,NA
polymers,2023,518,275,0.3467843631778058,NA,NA,NA
processes,2012,1,1,0.5,NA,NA,NA
processes,2013,19,8,0.2962962962962963,NA,NA,NA
processes,2014,42,14,0.25,NA,NA,NA
processes,2015,42,17,0.288135593220339,NA,NA,NA
processes,2016,55,18,0.2465753424657534,NA,NA,NA
processes,2017,84,26,0.23636363636363636,1.279,290,39
processes,2018,280,462,0.6226415094339622,1.963,611,261
processes,2019,992,1394,0.584241408214585,2.753,1918,950
processes,2020,1730,1789,0.5083830633702756,2.847,5319,1657
processes,2021,2293,1081,0.3203912270302312,3.352,12177,2198
processes,2022,2782,1484,0.34786685419596813,NA,NA,NA
processes,2023,312,154,0.33047210300429186,NA,NA,NA
remotesensing,2013,341,396,0.5373134328358209,NA,NA,NA
remotesensing,2014,584,835,0.5884425651867512,NA,NA,NA
remotesensing,2015,788,1173,0.5981642019377869,NA,NA,NA
remotesensing,2016,1035,1492,0.5904234269885239,3.244,8883,1016
remotesensing,2017,1364,1953,0.5887850467289719,3.406,13600,1314
remotesensing,2018,2082,3239,0.6087201653824469,4.118,23567,2030
remotesensing,2019,3104,4657,0.6000515397500322,4.509,36083,2987
remotesensing,2020,4203,4702,0.5280179674340258,4.848,56704,4093
remotesensing,2021,5237,5329,0.5043535869770963,5.349,84613,5119
remotesensing,2022,6479,7798,0.5461931778384814,NA,NA,NA
remotesensing,2023,573,729,0.5599078341013825,NA,NA,NA
sensors,2012,966,102,0.09550561797752809,NA,NA,NA
sensors,2013,973,1168,0.5455394675385334,NA,NA,NA
sensors,2014,1279,1432,0.5282183696053117,NA,NA,NA
sensors,2015,1666,2326,0.5826653306613226,NA,NA,NA
sensors,2016,2237,2711,0.5478981406628941,2.677,23901,2190
sensors,2017,2982,3937,0.5690128631305101,2.475,31941,2945
sensors,2018,4528,5662,0.5556427870461237,3.031,46222,4481
sensors,2019,5710,7415,0.564952380952381,3.275,63306,5528
sensors,2020,7333,8449,0.5353567355214802,3.576,90813,7276
sensors,2021,8601,5713,0.3991197429090401,3.847,125459,8332
sensors,2022,10149,6835,0.40243758831841736,NA,NA,NA
sensors,2023,1111,636,0.3640526617057813,NA,NA,NA
separations,2013,2,18,0.9,NA,NA,NA
separations,2014,15,20,0.5714285714285714,NA,NA,NA
separations,2015,40,29,0.42028985507246375,NA,NA,NA
separations,2016,34,20,0.37037037037037035,NA,NA,NA
separations,2017,39,7,0.15217391304347827,NA,NA,NA
separations,2018,57,14,0.19718309859154928,NA,NA,NA
separations,2019,58,13,0.18309859154929578,1.900,240,54
separations,2020,76,51,0.4015748031496063,2.777,530,70
separations,2021,255,209,0.4504310344827586,3.344,837,242
separations,2022,466,206,0.30654761904761907,NA,NA,NA
separations,2023,71,54,0.432,NA,NA,NA
sustainability,2013,297,144,0.32653061224489793,NA,NA,NA
sustainability,2014,516,630,0.5497382198952879,NA,NA,NA
sustainability,2015,861,1404,0.6198675496688741,NA,NA,NA
sustainability,2016,1363,2245,0.6222283813747228,1.789,4488,1331
sustainability,2017,2404,3926,0.620221169036335,2.075,8904,2346
sustainability,2018,4958,7724,0.6090521999684593,2.592,20022,4814
sustainability,2019,7414,12741,0.6321508310592905,2.576,35095,7184
sustainability,2020,10690,17279,0.6177911258893776,3.251,71638,10570
sustainability,2021,14185,15449,0.5213268542889924,3.889,130266,13769
sustainability,2022,17394,16537,0.48737143025551855,NA,NA,NA
sustainability,2023,1801,1578,0.4670020716188221,NA,NA,NA
symmetry,2013,12,14,0.5384615384615384,NA,NA,NA
symmetry,2014,54,59,0.5221238938053098,NA,NA,NA
symmetry,2015,113,145,0.562015503875969,NA,NA,NA
symmetry,2016,162,186,0.5344827586206896,1.457,505,154
symmetry,2017,331,745,0.6923791821561338,1.256,777,322
symmetry,2018,791,1529,0.659051724137931,2.143,2097,769
symmetry,2019,1565,3049,0.6608149111400087,2.645,4888,1517
symmetry,2020,2124,3455,0.6192866105036745,2.713,9999,2090
symmetry,2021,2435,2814,0.5361021146885121,2.940,16177,2380
symmetry,2022,2760,3486,0.5581171950048031,NA,NA,NA
symmetry,2023,262,368,0.5841269841269842,NA,NA,NA
toxics,2013,7,10,0.5882352941176471,NA,NA,NA
toxics,2014,28,17,0.37777777777777777,NA,NA,NA
toxics,2015,26,19,0.4222222222222222,NA,NA,NA
toxics,2016,31,33,0.515625,NA,NA,NA
toxics,2017,43,32,0.4266666666666667,NA,NA,NA
toxics,2018,65,53,0.4491525423728814,NA,NA,NA
toxics,2019,65,81,0.5547945205479452,3.271,697,60
toxics,2020,128,180,0.5844155844155844,4.146,1215,122
toxics,2021,366,340,0.48158640226628896,4.472,2133,354
toxics,2022,837,456,0.35266821345707655,NA,NA,NA
toxics,2023,94,58,0.3815789473684211,NA,NA,NA
toxins,2012,93,6,0.06060606060606061,NA,NA,NA
toxins,2013,162,53,0.24651162790697675,NA,NA,NA
toxins,2014,201,151,0.4289772727272727,NA,NA,NA
toxins,2015,345,173,0.333976833976834,NA,NA,NA
toxins,2016,379,302,0.4434654919236417,3.030,3911,359
toxins,2017,414,297,0.4177215189873418,3.273,5341,393
toxins,2018,534,366,0.4066666666666667,3.895,7709,524
toxins,2019,748,545,0.4215003866976025,3.531,9582,722
toxins,2020,811,539,0.39925925925925926,4.546,15329,779
toxins,2021,913,544,0.37336993822923814,5.075,20081,876
toxins,2022,900,484,0.34971098265895956,NA,NA,NA
toxins,2023,81,53,0.39552238805970147,NA,NA,NA
tropicalmed,2016,8,15,0.6521739130434783,NA,NA,NA
tropicalmed,2017,65,93,0.5886075949367089,NA,NA,NA
tropicalmed,2018,133,202,0.6029850746268657,NA,NA,NA
tropicalmed,2019,142,107,0.42971887550200805,NA,NA,NA
tropicalmed,2020,191,170,0.4709141274238227,NA,NA,NA
tropicalmed,2021,212,168,0.4421052631578947,NA,NA,NA
tropicalmed,2022,473,513,0.5202839756592292,NA,NA,NA
tropicalmed,2023,65,96,0.5962732919254659,NA,NA,NA
universe,2014,1,1,0.5,NA,NA,NA
universe,2015,18,16,0.47058823529411764,NA,NA,NA
universe,2016,34,36,0.5142857142857142,NA,NA,NA
universe,2017,85,65,0.43333333333333335,NA,NA,NA
universe,2018,156,49,0.23902439024390243,2.165,418,147
universe,2019,227,95,0.2950310559006211,1.752,665,224
universe,2020,242,205,0.45861297539149887,2.278,1440,233
universe,2021,526,249,0.32129032258064516,2.813,2298,491
universe,2022,670,246,0.2685589519650655,NA,NA,NA
universe,2023,48,27,0.36,NA,NA,NA
vaccines,2013,33,15,0.3125,NA,NA,NA
vaccines,2014,39,18,0.3157894736842105,NA,NA,NA
vaccines,2015,51,22,0.3013698630136986,NA,NA,NA
vaccines,2016,49,14,0.2222222222222222,NA,NA,NA
vaccines,2017,52,25,0.3246753246753247,NA,NA,NA
vaccines,2018,85,22,0.205607476635514,4.760,1077,81
vaccines,2019,226,110,0.3273809523809524,4.086,1493,206
vaccines,2020,788,282,0.2635514018691589,4.422,3381,753
vaccines,2021,1560,694,0.30789707187222715,4.961,11012,1440
vaccines,2022,2216,846,0.2762900065316786,NA,NA,NA
vaccines,2023,226,86,0.27564102564102566,NA,NA,NA
vetsci,2013,2,3,0.6,NA,NA,NA
vetsci,2014,12,21,0.6363636363636364,NA,NA,NA
vetsci,2015,33,41,0.5540540540540541,NA,NA,NA
vetsci,2016,36,37,0.5068493150684932,NA,NA,NA
vetsci,2017,67,47,0.41228070175438597,NA,NA,NA
vetsci,2018,105,62,0.3712574850299401,NA,NA,NA
vetsci,2019,106,90,0.45918367346938777,NA,NA,NA
vetsci,2020,209,237,0.531390134529148,2.304,898,205
vetsci,2021,344,375,0.521557719054242,2.518,1540,317
vetsci,2022,720,569,0.44142746314972847,NA,NA,NA
vetsci,2023,73,57,0.43846153846153846,NA,NA,NA
viruses,2012,195,9,0.04411764705882353,NA,NA,NA
viruses,2013,179,100,0.35842293906810035,NA,NA,NA
viruses,2014,265,214,0.44676409185803756,NA,NA,NA
viruses,2015,367,315,0.46187683284457476,NA,NA,NA
viruses,2016,332,329,0.4977307110438729,3.465,4670,331
viruses,2017,406,332,0.44986449864498645,3.761,6145,385
viruses,2018,738,490,0.3990228013029316,3.811,8083,722
viruses,2019,1193,809,0.40409590409590407,3.816,11303,1141
viruses,2020,1481,1550,0.511382382052128,5.048,22399,1437
viruses,2021,2574,1709,0.39901937893999534,5.818,32793,2417
viruses,2022,2895,2148,0.42593694229625223,NA,NA,NA
viruses,2023,267,221,0.45286885245901637,NA,NA,NA
water,2013,118,198,0.6265822784810127,NA,NA,NA
water,2014,211,352,0.6252220248667851,NA,NA,NA
water,2015,357,655,0.6472332015810277,NA,NA,NA
water,2016,606,893,0.5957304869913276,1.832,1970,602
water,2017,1006,1225,0.5490811295383237,2.069,3797,967
water,2018,1921,1999,0.5099489795918367,2.524,7785,1857
water,2019,2739,3046,0.526534140017286,2.544,13460,2608
water,2020,3538,3198,0.4747624703087886,3.103,25371,3489
water,2021,3649,2410,0.39775540518237334,3.530,40530,3488
water,2022,4245,2846,0.4013538287970667,NA,NA,NA
water,2023,388,251,0.39280125195618154,NA,NA,NA
